Workbook

Sheet Faculty List
B1: Fintech (Digital Transformation in Finance) (A) | C1: Fintech (Digital Transformation in Finance) (B) | D1: Behavioural Economics and Decision-Making (A) | E1: Behavioural Economics and Decision-Making (B) | F1: The Art, Craft, and Science of Management: Learning through Classics and Best Collections (A) | G1: The Art, Craft, and Science of Management: Learning through Classics and Best Collections (B) | H1: Workplace Happiness: Science & Practice (A) | I1: Workplace Happiness: Science & Practice (B) | J1: Leadership Excellence Through Values : Wisdom from the Mahabharata | K1: Film & the Firm: Visual Culture in Business Contexts (A) | L1: Film & the Firm: Visual Culture in Business Contexts (B) | M1: Strategic HRM | N1: Strategic Career Management (A) | O1: Strategic Career Management (B) | P1: AI AND STRATEGY | Q1: Employer Branding | R1: AI Applications in Marketing (A) | S1: AI Applications in Marketing (B) | T1: SPORTS ANALYTICS (A) | U1: SPORTS ANALYTICS (B) | V1: Customer Success Management | W1: Entrepreneurial Marketing | X1: Industry 4.0 in Transport Sector
A2: 1 | B2: Prof Shumaila Fatima | C2: Prof Shumaila Fatima | D2: Prof. Amarendu Nandy | E2: Prof. Amarendu Nandy | F2: Ambuj B. Anand,Manish Kumar | G2: Ambuj B. Anand,Manish Kumar | H2: Prof. Allen Joshua George | I2: Prof. Allen Joshua George | J2: Dr. Radha Yadav | K2: Prof. Vikas Pathe | L2: Prof. Vikas Pathe | M2: Prof. Rameshwar Shivadas Ture | N2: Prof. Aditya Agrawal | O2: Prof. Aditya Agrawal | P2: Prof Jang Bahadur Singh | Q2: Prof. Radha Yadav | R2: Prof. Ankur Jha | S2: Prof. Ankur Jha | T2: Prof. R. Vivekananda | U2: Prof. R. Vivekananda | V2: Prof. Shilpi Saxena | W2: Prof. Rohit Kumar | X2: Prof. Krishna Kumar Dadsena
A3: 2 | B3: Prof Shumaila Fatima | C3: Prof Shumaila Fatima | D3: Prof. Amarendu Nandy | E3: Prof. Amarendu Nandy | F3: Ambuj B. Anand,Manish Kumar | G3: Ambuj B. Anand,Manish Kumar | H3: Prof. Tanusree Dutta | I3: Prof. Tanusree Dutta | J3: Dr. Radha Yadav | K3: Prof. Vikas Pathe | L3: Prof. Vikas Pathe | M3: Prof. Rameshwar Shivadas Ture | N3: Prof. Aditya Agrawal | O3: Prof. Aditya Agrawal | P3: Prof Jang Bahadur Singh | Q3: Prof. Radha Yadav | R3: Prof. Ankur Jha | S3: Prof. Ankur Jha | T3: Prof. R. Vivekananda | U3: Prof. R. Vivekananda | V3: Prof. Shilpi Saxena | W3: Prof. Rohit Kumar | X3: Prof. Krishna Kumar Dadsena
A4: 3 | B4: Prof Shumaila Fatima | C4: Prof Shumaila Fatima | D4: Prof. Amarendu Nandy | E4: Prof. Amarendu Nandy | F4: Ambuj B. Anand,Manish Kumar | G4: Ambuj B. Anand,Manish Kumar | H4: Prof. Allen Joshua George | I4: Prof. Allen Joshua George | J4: Dr. Radha Yadav | K4: Prof. Vikas Pathe | L4: Prof. Vikas Pathe | M4: Prof. Rameshwar Shivadas Ture | N4: Prof. Rohit Kumar | O4: Prof. Rohit Kumar | P4: Prof Jang Bahadur Singh | Q4: Prof. Radha Yadav | R4: Prof. Ankur Jha | S4: Prof. Ankur Jha | T4: Prof. R. Vivekananda | U4: Prof. R. Vivekananda | V4: Prof. Shilpi Saxena | W4: Prof. Rohit Kumar | X4: Prof. Krishna Kumar Dadsena
A5: 4 | B5: Prof Shumaila Fatima | C5: Prof Shumaila Fatima | D5: Prof. Amarendu Nandy | E5: Prof. Amarendu Nandy | F5: Ambuj B. Anand,Manish Kumar | G5: Ambuj B. Anand,Manish Kumar | H5: Prof. Allen Joshua George | I5: Prof. Allen Joshua George | J5: Dr. Radha Yadav | K5: Prof. Vikas Pathe | L5: Prof. Vikas Pathe | M5: Prof. Rameshwar Shivadas Ture | N5: Prof. Aditya Agrawal | O5: Prof. Aditya Agrawal | P5: Prof Jang Bahadur Singh | Q5: Prof. Radha Yadav | R5: Prof. Ankur Jha | S5: Prof. Ankur Jha | T5: Prof. R. Vivekananda | U5: Prof. R. Vivekananda | V5: Prof. Shilpi Saxena | W5: Prof. Rohit Kumar | X5: Prof. Shailabh Kumar Sahu
A6: 5 | B6: Prof Shumaila Fatima | C6: Prof Shumaila Fatima | D6: Prof. Amarendu Nandy | E6: Prof. Amarendu Nandy | F6: Ambuj B. Anand,Manish Kumar | G6: Ambuj B. Anand,Manish Kumar | H6: Prof. Allen Joshua George | I6: Prof. Allen Joshua George | J6: Dr. Radha Yadav | K6: Prof. Manish Kumar | L6: Prof. Manish Kumar | M6: Prof. Rameshwar Shivadas Ture | N6: Prof. Aditya Agrawal | O6: Prof. Aditya Agrawal | P6: Prof Jang Bahadur Singh | Q6: Prof. Radha Yadav | R6: Prof. Ankur Jha | S6: Prof. Ankur Jha | T6: Prof. R. Vivekananda | U6: Prof. R. Vivekananda | V6: Prof. Shilpi Saxena | W6: Prof. Rohit Kumar | X6: Prof. Shailabh Kumar Sahu
A7: 6 | B7: Prof Shumaila Fatima | C7: Prof Shumaila Fatima | D7: Prof. Tanusree Dutta | E7: Prof. Tanusree Dutta | F7: Ambuj B. Anand,Manish Kumar | G7: Ambuj B. Anand,Manish Kumar | H7: Prof. Tanusree Dutta | I7: Prof. Tanusree Dutta | J7: Dr. Radha Yadav | K7: Prof. Manish Kumar | L7: Prof. Manish Kumar | M7: Prof. Rameshwar Shivadas Ture | N7: Prof. Aditya Agrawal | O7: Prof. Aditya Agrawal | P7: Prof Jang Bahadur Singh | Q7: Prof. Radha Yadav | R7: Prof. Shweta Jha | S7: Prof. Shweta Jha | T7: Prof. R. Vivekananda | U7: Prof. R. Vivekananda | V7: Prof. Shilpi Saxena | W7: Prof. Satyam | X7: Prof. Shailabh Kumar Sahu
A8: 7 | B8: Prof Shumaila Fatima | C8: Prof Shumaila Fatima | D8: Prof. Poonam Prasad | E8: Prof. Poonam Prasad | F8: Ambuj B. Anand,Manish Kumar | G8: Ambuj B. Anand,Manish Kumar | H8: Prof. Allen Joshua George | I8: Prof. Allen Joshua George | J8: Dr. Radha Yadav | K8: Prof. Gaurav M Marathe | L8: Prof. Gaurav M Marathe | M8: Prof. Rameshwar Shivadas Ture | N8: Prof. Aditya Agrawal | O8: Prof. Aditya Agrawal | P8: Prof Jang Bahadur Singh | Q8: Prof. Radha Yadav | R8: Prof. Shweta Jha | S8: Prof. Shweta Jha | T8: Prof. R. Vivekananda | U8: Prof. R. Vivekananda | V8: Prof. Shilpi Saxena | W8: Prof. Satyam | X8: Prof. Shailabh Kumar Sahu
A9: 8 | B9: Prof Shumaila Fatima | C9: Prof Shumaila Fatima | D9: Prof. Poonam Prasad | E9: Prof. Poonam Prasad | F9: Ambuj B. Anand,Manish Kumar | G9: Ambuj B. Anand,Manish Kumar | H9: Prof. Allen Joshua George | I9: Prof. Allen Joshua George | J9: Dr. Radha Yadav | K9: Prof. Gaurav M Marathe | L9: Prof. Gaurav M Marathe | M9: Prof. Rameshwar Shivadas Ture | N9: Prof. Aditya Agrawal | O9: Prof. Aditya Agrawal | P9: Prof Jang Bahadur Singh | Q9: Prof. Radha Yadav | R9: Prof. Shweta Jha | S9: Prof. Shweta Jha | T9: Prof. R. Vivekananda | U9: Prof. R. Vivekananda | V9: Prof. Shilpi Saxena | W9: Prof. Satyam | X9: Prof. Sachin Bajaj
A10: 9 | B10: Prof Shumaila Fatima | C10: Prof Shumaila Fatima | D10: Prof. Poonam Prasad | E10: Prof. Poonam Prasad | F10: Ambuj B. Anand,Manish Kumar | G10: Ambuj B. Anand,Manish Kumar | H10: Prof. Tanusree Dutta | I10: Prof. Tanusree Dutta | J10: Dr. Radha Yadav | K10: Prof. Manish Kumar | L10: Prof. Manish Kumar | M10: Prof. Rameshwar Shivadas Ture | N10: Prof. Aditya Agrawal | O10: Prof. Aditya Agrawal | P10: Prof. Santosh K Prusty | Q10: Prof. Radha Yadav | R10: Prof. Shweta Jha | S10: Prof. Shweta Jha | T10: Prof. R. Vivekananda | U10: Prof. R. Vivekananda | V10: Prof. Shilpi Saxena | W10: Prof. Satyam | X10: Prof. Sachin Bajaj
A11: 10 | B11: Guest Lecture | C11: Guest Lecture | D11: Prof. Tanusree Dutta | E11: Prof. Tanusree Dutta | F11: Ambuj B. Anand,Manish Kumar | G11: Ambuj B. Anand,Manish Kumar | H11: Prof. Allen Joshua George | I11: Prof. Allen Joshua George | J11: Dr. Prasant Maurya | K11: Prof. Manish Kumar | L11: Prof. Manish Kumar | M11: Mr. Vaibhav Goel | N11: Prof. Rohit Kumar | O11: Prof. Rohit Kumar | P11: Prof. Santosh K Prusty | Q11: Prof. Radha Yadav | R11: Prof. Shweta Jha | S11: Prof. Shweta Jha | T11: Prof. R. Vivekananda | U11: Prof. R. Vivekananda | V11: Prof. Shilpi Saxena | W11: Prof. Satyam | X11: Prof. Sachin Bajaj
A12: 11 | B12: Prof Gautam Pal | C12: Prof Gautam Pal | D12: Prof. Amarendu Nandy | E12: Prof. Amarendu Nandy | F12: Ambuj B. Anand,Manish Kumar | G12: Ambuj B. Anand,Manish Kumar | H12: Prof. Tanusree Dutta | I12: Prof. Tanusree Dutta | J12: Dr. Prasant Maurya | K12: Guest Faculty | L12: Guest Faculty | M12: Mr. Vaibhav Goel | N12: Prof. Rohit Kumar | O12: Prof. Rohit Kumar | P12: Prof. Santosh K Prusty | Q12: Prof. Shweta Jha | R12: Dr. Charu Jain | S12: Dr. Charu Jain | T12: Prof. R. Vivekananda | U12: Prof. R. Vivekananda | V12: Prof. Shilpi Saxena | W12: Mr. Avnish Anand | X12: Prof. Sachin Bajaj
A13: 12 | B13: Prof Gautam Pal | C13: Prof Gautam Pal | D13: Prof. Poonam Prasad | E13: Prof. Poonam Prasad | F13: Ambuj B. Anand,Manish Kumar | G13: Ambuj B. Anand,Manish Kumar | H13: Prof. Allen Joshua George | I13: Prof. Allen Joshua George | J13: Dr. Prasant Maurya | K13: Guest Faculty | L13: Guest Faculty | M13: Mr. Vaibhav Goel | N13: Prof. Rohit Kumar | O13: Prof. Rohit Kumar | P13: Prof. Santosh K Prusty | Q13: Prof. Shweta Jha | R13: Dr. Charu Jain | S13: Dr. Charu Jain | T13: Prof. R. Vivekananda | U13: Prof. R. Vivekananda | V13: Prof. Shilpi Saxena | W13: Mr. Avnish Anand | X13: Prof. Sachin Bajaj
... A21: 20 | B21: Prof Gautam Pal | C21: Prof Gautam Pal | D21: Prof. Amarendu Nandy | E21: Prof. Amarendu Nandy | F21: Guest Faculty | G21: Guest Faculty | H21: Guest Faculty | I21: Guest Faculty | J21: Dr. Radha Yadav | K21: Prof. George Joseph | L21: Prof. George Joseph | M21: Prof. Rameshwar Shivadas Ture | N21: Prof. Aditya Agrawal | O21: Prof. Aditya Agrawal | P21: Prof. Santosh K Prusty | Q21: Prof. Shweta Jha | R21: Ms.Deborah T. Joy | S21: Ms.Deborah T. Joy | T21: Prof. Ambuj Anand | U21: Prof. Ambuj Anand | V21: Mr. Nishant Gaurav | W21: Prof. Satyam | X21: Prof. Krishna Kumar Dadsena

Sheet Exam
A1: Day | B1: Slot | C1: Exam
A2: 17 | B2: 1 | F2: Fintech | G2: Art
B3: 2 | F3: BEDM | G3: I4TS
B4: 3 | F4: WH | G4: SA
A5: 18 | B5: 1 | C5: AIS | D5: 46307 | F5: Film&Firm | G5: CSM
B6: 2 | C6: Fintech | D6: 1:30-3:30 | F6: AIS | G6: SCM
B7: 3 | D7: 46149 | F7: EB | G7: SHRM
A8: 19 | B8: 1 | C8: AIAM | F8: EM | G8: AIAM
B9: 2 | C9: Film&Firm | F9: LETV
B10: 3
A11: 20 | B11: 1 | C11: SHRM
B12: 2 | C12: BEDM
B13: 3
A14: 21 | B14: 1 | C14: Art
B15: 2 | C15: CSM
B16: 3 | C16: WH
A17: 23 | B17: 1 | C17: SA
B18: 2 | C18: LETV
B19: 3 | C19: EM
A20: 24 | B20: 1 | C20: SCM
B21: 2 | C21: I4TS
B22: 3 | C22: EB

Sheet Course Details
A1: Term V Course Offering - MBA/MBA-BA/MBA-HRM (AY: 2025-26)
A2: SL No. | B2: Course Code | C2: Course Name | D2: Faculty Name
A3: 1 | B3: FAISE01-A | C3: Fintech (Digital Transformation in Finance) (A) | D3: Prof Shumaila Fatima, Prof Gautam Pal
A4: 2 | B4: FAISE01-B | C4: Fintech (Digital Transformation in Finance) (B) | D4: Prof Shumaila Fatima, Prof Gautam Pal
A5: 3 | B5: HRECFAE01-A | C5: Behavioural Economics and Decision-Making (A) | D5: Prof. Tanusree Dutta, Prof. Amarendu Nandy, External Expert
A6: 4 | B6: HRECFAE01-B | C6: Behavioural Economics and Decision-Making (B) | D6: Prof. Tanusree Dutta, Prof. Amarendu Nandy, External Expert
A7: 5 | B7: HRISE01-A | C7: The Art, Craft, and Science of Management: Learning through Classics and Best Collections (A) | D7: Ambuj B. Anand, Manish Kumar, Guest Faculty
A8: 6 | B8: HRISE01-B | C8: The Art, Craft, and Science of Management: Learning through Classics and Best Collections (B) | D8: Ambuj B. Anand, Manish Kumar, Guest Faculty
A9: 7 | B9: HRLAE01-A | C9: Workplace Happiness: Science & Practice (A) | D9: Prof. Tanusree Dutta, Prof. Allen Joshua George, Guest Faculty
A10: 8 | B10: HRLAE01-B | C10: Workplace Happiness: Science & Practice (B) | D10: Prof. Tanusree Dutta, Prof. Allen Joshua George, Guest Faculty
A11: 9 | B11: HRLAE03 | C11: Leadership Excellence Through Values : Wisdom from the Mahabharata | D11: Dr. Radha Yadav, Dr. Prasant Maurya, Dr. Ashish Pandey
A12: 10 | B12: HRLAISE01-A | C12: Film and the Firm: Visual Culture in Business Contexts (A) | D12: Prof. Vikas Pathe, Prof. Ambuj B. Anand, Prof. Manish Kumar, Prof. Gaurav M Marathe, Prof. George Joseph, Guest Faculty
A13: 11 | B13: HRLAISE01-B | C13: Film and the Firm: Visual Culture in Business Contexts (B) | D13: Prof. Vikas Pathe, Prof. Ambuj B. Anand, Prof. Manish Kumar, Prof. Gaurav M Marathe, Prof. George Joseph, Guest Faculty
A14: 12 | B14: HRSEE01 | C14: Strategic HRM | D14: Prof. Rameshwar Shivadas Ture, Mr. Vaibhav Goel
... A25: 23 | B25: OMISE01 | C25: Industry 4.0 in Transport Sector | D25: Prof.Krishna Kumar Dadsena, Prof. Sachin Bajaj, Prof. Reema Jogani, Prof. Shailabh Kumar Sahu

Sheet Schedule
D1: Term 6 Schedule - Dec 29 - Jan 4
A2: Week 1 | C2: 9.00AM - 10.30AM | D2: 10.45AM - 12.15PM | E2: 12.30PM - 2.00PM | F2: 3.00PM - 4.30PM | G2: 4.45PM - 6.15PM | H2: 6.30PM - 8.00PM | I2: 8.15PM - 9.45PM | K2: AIAM-A | L2: =COUNTIF($A$1:$I$950,K2 ) -> 20
A3: 46020 | B3: Mon | C3: LETV | D3: Fintech-B | F3: AIS | G3: EM | H3: AIAM-A | I3: AIS | K3: AIAM-B | L3: =COUNTIF($A$1:$I$950,K3 ) -> 20
C4: Dr. Radha Yadav | D4: Prof Shumaila Fatima | F4: Prof Jang Bahadur Singh | G4: Prof. Rohit Kumar | H4: Prof. Ankur Jha | I4: Prof Jang Bahadur Singh | K4: BEDM-A | L4: =COUNTIF($A$1:$I$950,K4 ) -> 20
D5: Art-A | E5: EB | G5: Art-B | H5: I4TS | K5: BEDM-B | L5: =COUNTIF($A$1:$I$950,K5 ) -> 20
D6: Ambuj Anand,Manish Kumar | E6: Prof. Radha Yadav | G6: Ambuj Anand,Manish Kumar | H6: Prof. Krishna Kumar Dadsena | K6: EM | L6: =COUNTIF($A$1:$I$950,K6 ) -> 20
A7: =A3+1 -> 46021 | B7: Tue | C7: AIS | D7: Fintech-B | E7: AIS | G7: Film&Firm-B | H7: Film&Firm-B | I7: AIAM-B | K7: Fintech-A | L7: =COUNTIF($A$1:$I$950,K7 ) -> 19
C8: Prof Jang Bahadur Singh | D8: Prof Shumaila Fatima | E8: Prof Jang Bahadur Singh | G8: Prof. Vikas Pathe | H8: Prof. Vikas Pathe | I8: Prof. Ankur Jha | K8: Fintech-B | L8: =COUNTIF($A$1:$I$950,K8 ) -> 19
D9: Art-A | F9: EB | G9: SCM-B | H9: SCM-B | I9: SHRM | K9: LETV | L9: =COUNTIF($A$1:$I$950,K9 ) -> 20
D10: Ambuj Anand,Manish Kumar | F10: Prof. Radha Yadav | G10: Prof. Aditya Agrawal | H10: Prof. Aditya Agrawal | I10: Prof. Rameshwar Shivadas Ture | K10: SA-B | L10: =COUNTIF($A$1:$I$950,K10 ) -> 20
A11: =A7+1 -> 46022 | B11: Wed | C11: LETV | D11: Fintech-B | E11: CSM | F11: CSM | G11: EM | K11: SCM-A | L11: =COUNTIF($A$1:$I$950,K11 ) -> 20
C12: Dr. Radha Yadav | D12: Prof Shumaila Fatima | E12: Prof. Shilpi Saxena | F12: Prof. Shilpi Saxena | G12: Prof. Rohit Kumar | K12: SCM-B | L12: =COUNTIF($A$1:$I$950,K12 ) -> 20
D13: Art-A | E13: WH-B | F13: WH-B | G13: Art-B | K13: WH-A | L13: =COUNTIF($A$1:$I$950,K13 ) -> 18
D14: Ambuj Anand,Manish Kumar | E14: Prof. Allen Joshua George | F14: Prof. Allen Joshua George | G14: Ambuj Anand,Manish Kumar | K14: WH-B | L14: =COUNTIF($A$1:$I$950,K14 ) -> 18
A15: =A11+1 -> 46023 | B15: Thurs | D15: EM | E15: CSM | F15: Fintech-A | G15: Film&Firm-B | H15: Film&Firm-B | I15: AIAM-A | K15: I4TS | L15: =COUNTIF($A$1:$I$950,K15 ) -> 16
D16: Prof. Rohit Kumar | E16: Prof. Shilpi Saxena | F16: Prof Shumaila Fatima | G16: Prof. Vikas Pathe | H16: Prof. Vikas Pathe | I16: Prof. Ankur Jha | K16: SA-A | L16: =COUNTIF($A$1:$I$950,K16 ) -> 20
D17: Art-B | E17: WH-B | F17: WH-A | G17: SCM-B | H17: SCM-B | I17: I4TS | K17: EB | L17: =COUNTIF($A$1:$I$950,K17 ) -> 20
D18: Ambuj Anand,Manish Kumar | E18: Prof. Allen Joshua George | F18: Prof. Allen Joshua George | G18: Prof. Rohit Kumar | H18: Prof. Aditya Agrawal | I18: Prof. Krishna Kumar Dadsena | K18: AIS | L18: =COUNTIF($A$1:$I$950,K18 ) -> 20
A19: =A15+1 -> 46024 | B19: Fri | C19: LETV | D19: Fintech-A | E19: AIAM-B | F19: Fintech-A | G19: Film&Firm-A | H19: Film&Firm-A | I19: AIAM-B | K19: Art-A | L19: =COUNTIF($A$1:$I$950,K19 ) -> 18
C20: Dr. Radha Yadav | D20: Prof Shumaila Fatima | E20: Prof. Ankur Jha | F20: Prof Shumaila Fatima | G20: Prof. Vikas Pathe | H20: Prof. Vikas Pathe | I20: Prof. Ankur Jha | K20: Art-B | L20: =COUNTIF($A$1:$I$950,K20 ) -> 18
D21: WH-A | E21: SHRM | F21: WH-A | G21: SCM-A | H21: SCM-A | I21: SHRM | K21: SHRM | L21: =COUNTIF($A$1:$I$950,K21 ) -> 20
D22: Prof. Allen Joshua George | E22: Prof. Rameshwar Shivadas Ture | F22: Prof. Allen Joshua George | G22: Prof. Aditya Agrawal | H22: Prof. Aditya Agrawal | I22: Prof. Rameshwar Shivadas Ture | K22: Film&Firm-A | L22: =COUNTIF($A$1:$I$950,K22 ) -> 20
A23: =A19+1 -> 46025 | B23: Sat | D23: Film&Firm-A | E23: Film&Firm-A | F23: AIAM-A | K23: Film&Firm-B | L23: =COUNTIF($A$1:$I$950,K23 ) -> 20
D24: Prof. Vikas Pathe | E24: Prof. Vikas Pathe | F24: Prof. Ankur Jha | K24: CSM | L24: =COUNTIF($A$1:$I$950,K24 ) -> 20
D25: SCM-A | E25: SCM-A | F25: I4TS
D26: Prof. Rohit Kumar | E26: Prof. Aditya Agrawal | F26: Prof. Krishna Kumar Dadsena
A27: =A23+1 -> 46026 | B27: Sun
D32: Term 6 Schedule - Jan 5 - Jan 11
A33: Week 2 | C33: 9.00AM - 10.30AM | D33: 10.45AM - 12.15PM | E33: 12.30PM - 2.00PM | F33: 3.00PM - 4.30PM | G33: 4.45PM - 6.15PM | H33: 6.30PM - 8.00PM | I33: 8.15PM - 9.45PM
A34: =A27+1 -> 46027 | B34: Mon | C34: AIAM-A | D34: Fintech-B | E34: BEDM-A | F34: Fintech-A | G34: EM | H34: BEDM-B
C35: Prof. Ankur Jha | D35: Prof Shumaila Fatima | E35: Prof. Amarendu Nandy | F35: Prof Shumaila Fatima | G35: Prof. Rohit Kumar | H35: Prof. Amarendu Nandy
C36: I4TS | D36: Art-A | E36: EB | F36: WH-A | G36: Art-B
C37: Prof. Krishna Kumar Dadsena | D37: Ambuj Anand,Manish Kumar | E37: Prof. Radha Yadav | F37: Prof. Allen Joshua George | G37: Ambuj Anand,Manish Kumar
A38: =A34+1 -> 46028 | B38: Tue | C38: BEDM-B | D38: Fintech-B | E38: BEDM-A | F38: Fintech-A | G38: Film&Firm-B | H38: Film&Firm-B | I38: AIAM-A
C39: Prof. Amarendu Nandy | D39: Prof Shumaila Fatima | E39: Prof. Amarendu Nandy | F39: Prof Shumaila Fatima | G39: Prof. Manish Kumar | H39: Prof. Manish Kumar | I39: Prof. Ankur Jha
D40: Art-A | E40: EB | F40: WH-A | G40: SCM-B | H40: SCM-B
D41: Ambuj Anand,Manish Kumar | E41: Prof. Radha Yadav | F41: Prof. Tanusree Dutta | G41: Prof. Aditya Agrawal | H41: Prof. Aditya Agrawal
A42: =A38+1 -> 46029 | B42: Wed | C42: LETV | D42: Fintech-B | E42: CSM | F42: CSM | G42: Film&Firm-A | H42: Film&Firm-A
C43: Dr. Radha Yadav | D43: Prof Shumaila Fatima | E43: Prof. Shilpi Saxena | F43: Prof. Shilpi Saxena | G43: Prof. Manish Kumar | H43: Prof. Manish Kumar
D44: Art-A | E44: WH-B | F44: WH-B | G44: SCM-A | H44: SCM-A | I44: SHRM
D45: Ambuj Anand,Manish Kumar | E45: Prof. Allen Joshua George | F45: Prof. Tanusree Dutta | G45: Prof. Aditya Agrawal | H45: Prof. Aditya Agrawal | I45: Prof. Rameshwar Shivadas Ture
A46: =A42+1 -> 46030 | B46: Thurs | C46: CSM | D46: SA-B | E46: SA-B | F46: Fintech-A | G46: Film&Firm-B | H46: Film&Firm-B | I46: SA-A
C47: Prof. Shilpi Saxena | D47: Prof. R Vivekananda | E47: Prof. R Vivekananda | F47: Prof Shumaila Fatima | G47: Prof. Gaurav M Marathe | H47: Prof. Gaurav M Marathe | I47: Prof. R Vivekananda
C48: WH-B | D48: Art-B | E48: SHRM | F48: WH-A | G48: SCM-B | H48: SCM-B | I48: AIAM-B
C49: Prof. Tanusree Dutta | D49: Ambuj Anand,Manish Kumar | E49: Prof. Rameshwar Shivadas Ture | F49: Prof. Tanusree Dutta | G49: Prof. Aditya Agrawal | H49: Prof. Aditya Agrawal | I49: Prof. Ankur Jha
A50: =A46+1 -> 46031 | B50: Fri | C50: SA-B | D50: SA-B | E50: SA-A | F50: SA-A | G50: Film&Firm-A | H50: Film&Firm-A
C51: Prof. R Vivekananda | D51: Prof. R Vivekananda | E51: Prof. R Vivekananda | F51: Prof. R Vivekananda | G51: Prof. Gaurav M Marathe | H51: Prof. Gaurav M Marathe
C52: SHRM | D52: Art-B | E52: AIAM-B | F52: AIAM-B | G52: SCM-A | H52: SCM-A
C53: Prof. Rameshwar Shivadas Ture | D53: Ambuj Anand,Manish Kumar | E53: Prof. Ankur Jha | F53: Prof. Shweta Jha | G53: Prof. Aditya Agrawal | H53: Prof. Aditya Agrawal
A54: =A50+1 -> 46032 | B54: Sat | C54: BEDM-A | D54: SA-B | E54: SA-A | F54: SA-A | G54: Film&Firm-A | H54: Film&Firm-A | I54: EM
C55: Prof. Amarendu Nandy | D55: Prof. R Vivekananda | E55: Prof. R Vivekananda | F55: Prof. R Vivekananda | G55: Guest Faculty | H55: Guest Faculty | I55: Mr. Avnish Anand
C56: EB
C57: Prof. Radha Yadav
A58: =A54+1 -> 46033 | B58: Sun | D58: EM | F58: EM | G58: Film&Firm-B | H58: Film&Firm-B | I58: EM
D59: Mr. Avnish Anand | F59: Mr. Avnish Anand | G59: Guest Faculty | H59: Guest Faculty | I59: Mr. Avnish Anand
D63: Term 6 Schedule - Jan 12 - Jan 18
A64: Week 3 | C64: 9.00AM - 10.30AM | D64: 10.45AM - 12.15PM | E64: 12.30PM - 2.00PM | F64: 3.00PM - 4.30PM | G64: 4.45PM - 6.15PM | H64: 6.30PM - 8.00PM | I64: 8.15PM - 9.45PM
A65: =A58+1 -> 46034 | B65: Mon | D65: EM | E65: Fintech-A | F65: BEDM-A | G65: Fintech-B | H65: BEDM-B
D66: Mr. Avnish Anand | E66: Prof Shumaila Fatima | F66: Prof. Amarendu Nandy | G66: Prof Shumaila Fatima | H66: Prof. Amarendu Nandy
C67: LETV | D67: Art-B | E67: WH-A | F67: EB | G67: Art-A
C68: Dr. Radha Yadav | D68: Ambuj Anand,Manish Kumar | E68: Prof. Allen Joshua George | F68: Prof. Radha Yadav | G68: Ambuj Anand,Manish Kumar
A69: =A65+1 -> 46035 | B69: Tue | C69: BEDM-B | D69: Fintech-B | E69: BEDM-A | F69: Fintech-A | G69: Film&Firm-B | H69: Film&Firm-B
C70: Prof. Amarendu Nandy | D70: Prof Shumaila Fatima | E70: Prof. Amarendu Nandy | F70: Prof Shumaila Fatima | G70: Prof. Manish Kumar | H70: Prof. Manish Kumar
D71: Art-A | E71: EB | F71: WH-A | G71: SCM-B | H71: SCM-B | I71: SHRM
D72: Ambuj Anand,Manish Kumar | E72: Prof. Radha Yadav | F72: Prof. Allen Joshua George | G72: Prof. Aditya Agrawal | H72: Prof. Rohit Kumar | I72: Prof. Rameshwar Shivadas Ture
A73: =A69+1 -> 46036 | B73: Wed | D73: Fintech-B | E73: CSM | F73: CSM | G73: Film&Firm-A | H73: Film&Firm-A
D74: Prof Shumaila Fatima | E74: Prof. Shilpi Saxena | F74: Prof. Shilpi Saxena | G74: Prof. Manish Kumar | H74: Prof. Manish Kumar
C75: LETV | D75: Art-A | E75: WH-B | F75: WH-B | G75: SCM-A | H75: SCM-A | I75: SHRM
C76: Dr. Radha Yadav | D76: Ambuj Anand,Manish Kumar | E76: Prof. Allen Joshua George | F76: Prof. Allen Joshua George | G76: Prof. Aditya Agrawal | H76: Prof. Rohit Kumar | I76: Prof. Rameshwar Shivadas Ture
A77: =A73+1 -> 46037 | B77: Thurs | C77: CSM | D77: I4TS | E77: Fintech-A | F77: I4TS | G77: Film&Firm-B | H77: Film&Firm-B
C78: Prof. Shilpi Saxena | D78: Prof. Reema Jogni | E78: Prof Shumaila Fatima | F78: Prof. Reema Jogni | G78: Prof. Vikas Pathe | H78: Prof. Vikas Pathe
C79: WH-B | D79: AIAM-A | E79: WH-A | F79: AIAM-A | G79: SCM-B | H79: SCM-B
C80: Prof. Tanusree Dutta | D80: Prof. Shweta Jha | E80: Prof. Tanusree Dutta | F80: Prof. Shweta Jha | G80: Prof. Rohit Kumar | H80: Prof. Rohit Kumar
A81: =A77+1 -> 46038 | B81: Fri | D81: I4TS | E81: EM | F81: I4TS | G81: Film&Firm-A | H81: Film&Firm-A
D82: Prof. Reema Jogni | E82: Prof. Rohit Kumar | F82: Prof. Reema Jogni | G82: Prof. Vikas Pathe | H82: Prof. Vikas Pathe
C83: LETV | D83: AIAM-A | E83: Art-B | G83: SCM-A | H83: SCM-A
C84: Dr. Radha Yadav | D84: Prof. Shweta Jha | E84: Ambuj Anand,Manish Kumar | G84: Prof. Rohit Kumar | H84: Prof. Rohit Kumar
A85: =A81+1 -> 46039 | B85: Sat | C85: BEDM-A | D85: AIS | E85: BEDM-A | F85: BEDM-B | G85: AIS | H85: BEDM-B | I85: AIS
C86: Dr. Punam Prasad | D86: Prof Jang Bahadur Singh | E86: Dr. Punam Prasad | F86: Dr. Punam Prasad | G86: Prof Jang Bahadur Singh | H86: Dr. Punam Prasad | I86: Prof Jang Bahadur Singh
C87: EB
C88: Prof. Radha Yadav
A89: =A85+1 -> 46040 | B89: Sun | C89: BEDM-A | D89: AIS | E89: BEDM-A | F89: BEDM-B
C90: Dr. Punam Prasad | D90: Prof Jang Bahadur Singh | E90: Dr. Punam Prasad | F90: Dr. Punam Prasad
D94: Term 6 Schedule - Jan 19 - Jan 25
A95: Week 4 | C95: 9.00AM - 10.30AM | D95: 10.45AM - 12.15PM | E95: 12.30PM - 2.00PM | F95: 3.00PM - 4.30PM | G95: 4.45PM - 6.15PM | H95: 6.30PM - 8.00PM | I95: 8.15PM - 9.45PM
A96: =A89+1 -> 46041 | B96: Mon | C96: BEDM-B | D96: Fintech-B | E96: BEDM-A | F96: Fintech-A | G96: EM | H96: Fintech-A
C97: Prof. Amarendu Nandy | D97: Prof Gautam Pal | E97: Prof. Tanusree Dutta | F97: Prof Gautam Pal | G97: Prof. Satyam | H97: Prof Gautam Pal
C98: AIS | D98: Art-A | E98: EB | F98: WH-A | G98: Art-B | H98: WH-A
C99: Prof. Santosh K Prusty | D99: Ambuj Anand,Manish Kumar | E99: Prof. Radha Yadav | F99: Prof. Allen Joshua George | G99: Ambuj Anand,Manish Kumar | H99: Prof. Allen Joshua George
A100: =A96+1 -> 46042 | B100: Tue | D100: Fintech-B | E100: BEDM-A | F100: Fintech-A | G100: Film&Firm-B | H100: Film&Firm-B
D101: Prof Gautam Pal | E101: Prof. Tanusree Dutta | F101: Prof Gautam Pal | G101: Prof. Vikas Pathe | H101: Prof. Vikas Pathe
C102: LETV | D102: Art-A | E102: EB | F102: WH-A | G102: SCM-B | H102: SCM-B | I102: SHRM
C103: Dr. Radha Yadav | D103: Ambuj Anand,Manish Kumar | E103: Prof. Radha Yadav | F103: Prof. Tanusree Dutta | G103: Prof. Rohit Kumar | H103: Prof. Aditya Agrawal | I103: Prof. Rameshwar Shivadas Ture
A104: =A100+1 -> 46043 | B104: Wed | C104: BEDM-B | D104: CSM | E104: EM | F104: CSM | G104: Film&Firm-A | H104: Film&Firm-A
C105: Prof. Tanusree Dutta | D105: Prof. Shilpi Saxena | E105: Prof. Satyam | F105: Prof. Shilpi Saxena | G105: Prof. Vikas Pathe | H105: Prof. Vikas Pathe
C106: AIS | D106: WH-B | E106: Art-B | F106: WH-B | G106: SCM-A | H106: SCM-A | I106: SHRM
C107: Prof. Santosh K Prusty | D107: Prof. Allen Joshua George | E107: Ambuj Anand,Manish Kumar | F107: Prof. Tanusree Dutta | G107: Prof. Rohit Kumar | H107: Prof. Aditya Agrawal | I107: Prof. Rameshwar Shivadas Ture
A108: =A104+1 -> 46044 | B108: Thurs | C108: CSM | D108: BEDM-B | E108: SA-B | F108: SA-B | G108: Film&Firm-B | H108: Film&Firm-B | I108: Fintech-B
C109: Prof. Shilpi Saxena | D109: Prof. Tanusree Dutta | E109: Prof. R Vivekananda | F109: Prof. R Vivekananda | G109: Prof. Ambuj B Anand | H109: Prof. Ambuj B Anand | I109: Prof Gautam Pal
C110: WH-B | D110: AIS | E110: Art-B | G110: SCM-B | H110: SCM-B
...

Sheet Rescheduling Master
A1: INDEX | B1: Fintech-A | C1: Fintech-B | D1: BEDM-A | E1: BEDM-B | F1: Art-A | G1: Art-B | H1: WH-A | I1: WH-B | J1: LETV | K1: Film&Firm-A | L1: Film&Firm-B | M1: SHRM | N1: SCM-A | O1: SCM-B | P1: AIS | Q1: EB | R1: AIAM-A | S1: AIAM-B | T1: SA-A | U1: SA-B | V1: CSM | W1: EM | X1: I4TS
A2: Fintech-A | C2: {=TRANSPOSE(B3:B$24)} -> 0 | D2: 10 | E2: 7 | F2: 13 | G2: 0 | H2: 0 | I2: 5 | J2: 4 | K2: 10 | L2: 8 | M2: 0 | N2: 3 | O2: 11 | P2: 11 | Q2: 7 | R2: 16 | S2: 13 | T2: 17 | U2: 9 | V2: 8 | W2: 10 | X2: 14
A3: Fintech-B | B3: 0 | D3: {=TRANSPOSE(C4:C$24)} -> 10 | E3: 9 | F3: 0 | G3: 0 | H3: 4 | I3: 7 | J3: 6 | K3: 10 | L3: 11 | M3: 3 | N3: 6 | O3: 5 | P3: 10 | Q3: 4 | R3: 13 | S3: 13 | T3: 5 | U3: 19 | V3: 14 | W3: 14 | X3: 11
A4: BEDM-A | B4: 10 | C4: 10 | E4: {=TRANSPOSE(D5:D$24)} -> 0 | F4: 4 | G4: 2 | H4: 2 | I4: 13 | J4: 4 | K4: 3 | L4: 5 | M4: 2 | N4: 7 | O4: 5 | P4: 8 | Q4: 0 | R4: 5 | S4: 6 | T4: 5 | U4: 5 | V4: 5 | W4: 12 | X4: 5
A5: BEDM-B | B5: 7 | C5: 9 | D5: 0 | F5: {=TRANSPOSE(E6:E$24)} -> 3 | G5: 2 | H5: 0 | I5: 2 | J5: 5 | K5: 10 | L5: 1 | M5: 3 | N5: 2 | O5: 4 | P5: 0 | Q5: 9 | R5: 13 | S5: 8 | T5: 15 | U5: 9 | V5: 6 | W5: 13 | X5: 9
A6: Art-A | B6: 13 | C6: 0 | D6: 4 | E6: 3 | G6: {=TRANSPOSE(F7:F$24)} -> 0 | H6: 7 | I6: 6 | J6: 7 | K6: 14 | L6: 7 | M6: 19 | N6: 8 | O6: 8 | P6: 7 | Q6: 7 | R6: 6 | S6: 7 | T6: 10 | U6: 3 | V6: 2 | W6: 11 | X6: 7
A7: Art-B | B7: 0 | C7: 0 | D7: 2 | E7: 2 | F7: 0 | H7: {=TRANSPOSE(G8:G$24)} -> 8 | I7: 9 | J7: 6 | K7: 9 | L7: 7 | M7: 16 | N7: 5 | O7: 5 | P7: 8 | Q7: 13 | R7: 4 | S7: 3 | T7: 3 | U7: 0 | V7: 1 | W7: 0 | X7: 5
A8: WH-A | B8: 0 | C8: 4 | D8: 2 | E8: 0 | F8: 7 | G8: 8 | I8: {=TRANSPOSE(H9:H$24)} -> 0 | J8: 13 | K8: 7 | L8: 11 | M8: 10 | N8: 18 | O8: 10 | P8: 3 | Q8: 9 | R8: 10 | S8: 4 | T8: 4 | U8: 5 | V8: 8 | W8: 4 | X8: 5
A9: WH-B | B9: 5 | C9: 7 | D9: 13 | E9: 2 | F9: 6 | G9: 9 | H9: 0 | J9: {=TRANSPOSE(I10:I$24)} -> 12 | K9: 12 | L9: 6 | M9: 10 | N9: 8 | O9: 9 | P9: 8 | Q9: 2 | R9: 6 | S9: 3 | T9: 8 | U9: 0 | V9: 0 | W9: 8 | X9: 4
A10: LETV | B10: 4 | C10: 6 | D10: 4 | E10: 5 | F10: 7 | G10: 6 | H10: 13 | I10: 12 | K10: {=TRANSPOSE(J11:J$24)} -> 9 | L10: 14 | M10: 6 | N10: 4 | O10: 9 | P10: 10 | Q10: 7 | R10: 6 | S10: 3 | T10: 2 | U10: 5 | V10: 5 | W10: 9 | X10: 11
A11: Film&Firm-A | B11: 10 | C11: 10 | D11: 3 | E11: 10 | F11: 14 | G11: 9 | H11: 7 | I11: 12 | J11: 9 | L11: {=TRANSPOSE(K12:K$24)} -> 0 | M11: 11 | N11: 0 | O11: 0 | P11: 8 | Q11: 7 | R11: 6 | S11: 11 | T11: 14 | U11: 15 | V11: 7 | W11: 3 | X11: 4
A12: Film&Firm-B | B12: 8 | C12: 11 | D12: 5 | E12: 1 | F12: 7 | G12: 7 | H12: 11 | I12: 6 | J12: 14 | K12: 0 | M12: {=TRANSPOSE(L13:L$24)} -> 4 | N12: 24 | O12: 0 | P12: 11 | Q12: 3 | R12: 9 | S12: 4 | T12: 9 | U12: 7 | V12: 10 | W12: 4 | X12: 5
A13: SHRM | B13: 0 | C13: 3 | D13: 2 | E13: 3 | F13: 19 | G13: 16 | H13: 10 | I13: 10 | J13: 6 | K13: 11 | L13: 4 | N13: {=TRANSPOSE(M14:M$24)} -> 11 | O13: 20 | P13: 8 | Q13: 21 | R13: 7 | S13: 0 | T13: 3 | U13: 0 | V13: 4 | W13: 10 | X13: 2
A14: SCM-A | B14: 3 | C14: 6 | D14: 7 | E14: 2 | F14: 8 | G14: 5 | H14: 18 | I14: 8 | J14: 4 | K14: 0 | L14: 24 | M14: 11 | O14: {=TRANSPOSE(N15:N$24)} -> 0 | P14: 7 | Q14: 6 | R14: 11 | S14: 7 | T14: 9 | U14: 7 | V14: 4 | W14: 15 | X14: 10
A15: SCM-B | B15: 11 | C15: 5 | D15: 5 | E15: 4 | F15: 8 | G15: 5 | H15: 10 | I15: 9 | J15: 9 | K15: 0 | L15: 0 | M15: 20 | N15: 0 | P15: {=TRANSPOSE(O16:O$24)} -> 8 | Q15: 11 | R15: 16 | S15: 5 | T15: 8 | U15: 7 | V15: 11 | W15: 15 | X15: 5
A16: AIS | B16: 11 | C16: 10 | D16: 8 | E16: 0 | F16: 7 | G16: 8 | H16: 3 | I16: 8 | J16: 10 | K16: 8 | L16: 11 | M16: 8 | N16: 7 | O16: 8 | Q16: {=TRANSPOSE(P17:P$24)} -> 2 | R16: 6 | S16: 11 | T16: 3 | U16: 6 | V16: 14 | W16: 13 | X16: 16
A17: EB | B17: 7 | C17: 4 | D17: 0 | E17: 9 | F17: 7 | G17: 13 | H17: 9 | I17: 2 | J17: 7 | K17: 7 | L17: 3 | M17: 21 | N17: 6 | O17: 11 | P17: 2 | R17: {=TRANSPOSE(Q18:Q$24)} -> 14 | S17: 6 | T17: 15 | U17: 6 | V17: 13 | W17: 8 | X17: 6
A18: AIAM-A | B18: 16 | C18: 13 | D18: 5 | E18: 13 | F18: 6 | G18: 4 | H18: 10 | I18: 6 | J18: 6 | K18: 6 | L18: 9 | M18: 7 | N18: 11 | O18: 16 | P18: 6 | Q18: 14 | S18: {=TRANSPOSE(R19:R$24)} -> 0 | T18: 16 | U18: 5 | V18: 10 | W18: 15 | X18: 0
A19: AIAM-B | B19: 13 | C19: 13 | D19: 6 | E19: 8 | F19: 7 | G19: 3 | H19: 4 | I19: 3 | J19: 3 | K19: 11 | L19: 4 | M19: 0 | N19: 7 | O19: 5 | P19: 11 | Q19: 6 | R19: 0 | T19: {=TRANSPOSE(S20:S$24)} -> 0 | U19: 28 | V19: 14 | W19: 8 | X19: 24
A20: SA-A | B20: 17 | C20: 5 | D20: 5 | E20: 15 | F20: 10 | G20: 3 | H20: 4 | I20: 8 | J20: 2 | K20: 14 | L20: 9 | M20: 3 | N20: 9 | O20: 8 | P20: 3 | Q20: 15 | R20: 16 | S20: 0 | U20: {=TRANSPOSE(T21:T$24)} -> 0 | V20: 11 | W20: 3 | X20: 14
A21: SA-B | B21: 9 | C21: 19 | D21: 5 | E21: 9 | F21: 3 | G21: 0 | H21: 5 | I21: 0 | J21: 5 | K21: 15 | L21: 7 | M21: 0 | N21: 7 | O21: 7 | P21: 6 | Q21: 6 | R21: 5 | S21: 28 | T21: 0 | V21: {=TRANSPOSE(U22:U$24)} -> 14 | W21: 12 | X21: 16
A22: CSM | B22: 8 | C22: 14 | D22: 5 | E22: 6 | F22: 2 | G22: 1 | H22: 8 | I22: 0 | J22: 5 | K22: 7 | L22: 10 | M22: 4 | N22: 4 | O22: 11 | P22: 14 | Q22: 13 | R22: 10 | S22: 14 | T22: 11 | U22: 14 | W22: {=TRANSPOSE(V23:V$24)} -> 14 | X22: 15
A23: EM | B23: 10 | C23: 14 | D23: 12 | E23: 13 | F23: 11 | G23: 0 | H23: 4 | I23: 8 | J23: 9 | K23: 3 | L23: 4 | M23: 10 | N23: 15 | O23: 15 | P23: 13 | Q23: 8 | R23: 15 | S23: 8 | T23: 3 | U23: 12 | V23: 14 | X23: {=TRANSPOSE(W24:W$24)} -> 10
A24: I4TS | B24: 14 | C24: 11 | D24: 5 | E24: 9 | F24: 7 | G24: 5 | H24: 5 | I24: 4 | J24: 11 | K24: 4 | L24: 5 | M24: 2 | N24: 10 | O24: 5 | P24: 16 | Q24: 6 | R24: 0 | S24: 24 | T24: 14 | U24: 16 | V24: 15 | W24: 10

Sheet Sample Sheet
A1: Student ID | B1: Student Name
A2: BA006-24 | B2: {=_xludf.XLOOKUP(A2,Batch_Data!$A$2:$A$438,Batch_Data!$B$2:$B$438)} -> #NAME?
A3: BA007-24 | B3: {=_xludf.XLOOKUP(A3,Batch_Data!$A$2:$A$438,Batch_Data!$B$2:$B$438)} -> #NAME?
A4: BA021-24 | B4: {=_xludf.XLOOKUP(A4,Batch_Data!$A$2:$A$438,Batch_Data!$B$2:$B$438)} -> #NAME?
A5: BA025-24 | B5: {=_xludf.XLOOKUP(A5,Batch_Data!$A$2:$A$438,Batch_Data!$B$2:$B$438)} -> #NAME?
A6: BA028-24 | B6: {=_xludf.XLOOKUP(A6,Batch_Data!$A$2:$A$438,Batch_Data!$B$2:$B$438)} -> #NAME?
A7: BA033-24 | B7: {=_xludf.XLOOKUP(A7,Batch_Data!$A$2:$A$438,Batch_Data!$B$2:$B$438)} -> #NAME?
A8: BA044-24 | B8: {=_xludf.XLOOKUP(A8,Batch_Data!$A$2:$A$438,Batch_Data!$B$2:$B$438)} -> #NAME?
A9: BA047-24 | B9: {=_xludf.XLOOKUP(A9,Batch_Data!$A$2:$A$438,Batch_Data!$B$2:$B$438)} -> #NAME?
A10: BA049-24 | B10: {=_xludf.XLOOKUP(A10,Batch_Data!$A$2:$A$438,Batch_Data!$B$2:$B$438)} -> #NAME?
A11: BA050-24 | B11: {=_xludf.XLOOKUP(A11,Batch_Data!$A$2:$A$438,Batch_Data!$B$2:$B$438)} -> #NAME?
A12: BA052-24 | B12: {=_xludf.XLOOKUP(A12,Batch_Data!$A$2:$A$438,Batch_Data!$B$2:$B$438)} -> #NAME?
A13: H002-24 | B13: {=_xludf.XLOOKUP(A13,Batch_Data!$A$2:$A$438,Batch_Data!$B$2:$B$438)} -> #NAME?
... A141: M262-24 | B141: {=_xludf.XLOOKUP(A141,Batch_Data!$A$2:$A$438,Batch_Data!$B$2:$B$438)} -> #NAME?
B142: {=_xludf.XLOOKUP(A142,Batch_Data!$A$2:$A$438,Batch_Data!$B$2:$B$438)} -> #NAME?
B143: {=_xludf.XLOOKUP(A143,Batch_Data!$A$2:$A$438,Batch_Data!$B$2:$B$438)} -> #NAME?
B144: {=_xludf.XLOOKUP(A144,Batch_Data!$A$2:$A$438,Batch_Data!$B$2:$B$438)} -> #NAME?
B145: {=_xludf.XLOOKUP(A145,Batch_Data!$A$2:$A$438,Batch_Data!$B$2:$B$438)} -> #NAME?
B146: {=_xludf.XLOOKUP(A146,Batch_Data!$A$2:$A$438,Batch_Data!$B$2:$B$438)} -> #NAME?
B147: {=_xludf.XLOOKUP(A147,Batch_Data!$A$2:$A$438,Batch_Data!$B$2:$B$438)} -> #NAME?
B148: {=_xludf.XLOOKUP(A148,Batch_Data!$A$2:$A$438,Batch_Data!$B$2:$B$438)} -> #NAME?
B149: {=_xludf.XLOOKUP(A149,Batch_Data!$A$2:$A$438,Batch_Data!$B$2:$B$438)} -> #NAME?
B150: {=_xludf.XLOOKUP(A150,Batch_Data!$A$2:$A$438,Batch_Data!$B$2:$B$438)} -> #NAME?
B151: {=_xludf.XLOOKUP(A151,Batch_Data!$A$2:$A$438,Batch_Data!$B$2:$B$438)} -> #NAME?
B152: {=_xludf.XLOOKUP(A152,Batch_Data!$A$2:$A$438,Batch_Data!$B$2:$B$438)} -> #NAME?
B153: {=_xludf.XLOOKUP(A153,Batch_Data!$A$2:$A$438,Batch_Data!$B$2:$B$438)} -> #NAME?
... B266: {=_xludf.XLOOKUP(A266,Batch_Data!$A$2:$A$438,Batch_Data!$B$2:$B$438)} -> #NAME?

Sheet Section Details
A1: Course Code | B1: Course Name | C1: Faculty | D1: Int vs Ext | E1: Session Count | F1: Section | G1: #Students
A2: FAISE01 | B2: Fintech (Digital Transformation in Finance) | C2: Prof Shumaila Fatima, Prof Gautam Pal | E2: 1-9; 10; 11-20 | F2: 2 | G2: 129
A3: HRECFAE01 | B3: Behavioural Economics and Decision-Making | C3: Prof. Tanusree Dutta, Prof. Amarendu Nandy, Prof. Poonam | D3: 13,7 | E3: 6,10,14,16,19; 1-5,11,15,20 ; 7-9,12-13,17-18 | F3: 2 | G3: 92
A4: HRISE01 | B4: The Art, Craft, and Science of Management: Learning through Classics and Best Collections | C4: Ambuj B. Anand,Manish Kumar, Guest Faculty | E4: 10,10, 2 | F4: 2 | G4: 106
A5: HRLAE01 | B5: Workplace Happiness: Science & Practice | C5: Prof. Tanusree Dutta, Prof. Allen Joshua George, Guest Faculty | E5: 2,6,9,11,17; 1,3-5,7,8,10,12-16,18; 19,20 | F5: 2 | G5: 117
A6: HRLAE03 | B6: Leadership Excellence Through Values : Wisdom from the Mahabharata | C6: Dr. Radha Yadav, Dr. Prasant Maurya, Dr. Ashish Pandey | D6: 15,5 | E6: 1-9,20; 10-14; 15-19 | F6: 1 | G6: 61
A7: HRLAEISE01 | B7: Film & the Firm: Visual Culture in Business Contexts | C7: Prof. Vikas Pathe, Prof. Ambuj B Anand, Prof. Manish Kumar, Prof. Gaurav M Marathe, Prof. George Joseph, Guest Faculty | D7: 18,2 | E7: 1-4,13-16; 17-18; 5-6,9-10; 7-8; 19-20; 11-12 | F7: 2 | G7: 140
A8: HRSEE01 | B8: Strategic HRM | C8: Prof. Rameshwar Shivadas Ture, Mr. Vaibhav Goel | D8: 15, 5 | E8: 1-9,15-20; 10-14 | F8: 1 | G8: 72
A9: HRSEE02 | B9: Strategic Career Management | C9: Prof. Rohit Kumar , Prof. Aditya Agrawal | E9: 3,10-13; 1,2,4-9,14-20 | F9: 2 | G9: 133
A10: ISSEE01 | B10: AI AND STRATEGY | C10: Prof Jang Bahadur Singh Prof. Santosh K Prusty | D10: 45881 | E10: 1-8, 9-20 | F10: 1 | G10: 70
A11: MKHRE01 | B11: Employer Branding | C11: Prof. Radha Yadav, Prof. Shweta Jha | E11: 1-10, 11-20 | F11: 1 | G11: 71
A12: MKISE01 | B12: AI Applications in Marketing | C12: Prof. Ankur Jha, Prof. Shweta Jha, Dr. Charu Jain and Ms.Deborah T. Joy | D12: 10,10 | E12: 1-5, 6-10, 11-15, 16-20 | F12: 2 | G12: 140
A13: MKISE02 | B13: SPORTS ANALYTICS | C13: Ambuj B Anand, R Vivekanand | D13: 45792 | E13: 5, 15 (Whatever is comfortable with VF) | F13: 2 | G13: 140
A14: MKISE03 | B14: Customer Success Management | C14: Prof Shilpi Saxena, Mr. Nishant Gaurav | D14: 15, 5 | E14: 1-15, 16-20 | F14: 1 | G14: 70
A15: MKSEE01 | B15: Entrepreneurial Marketing | C15: Prof. Satyam, Prof. Rohit Kumar,Mr. Avnish Anand | D15: 15, 5 | E15: 6-10,16-20; 1-5; 11-15 | F15: 1 | G15: 70
A16: OMISE01 | B16: Industry 4.0 in Transport Sector | C16: Prof.Krishna Kumar Dadsena, Prof. Sachin Bajaj, Prof. Reema Jogani, Prof. Shailabh Kumar Sahu | D16: 6,14 | E16: 6, 6, 4, 4 | F16: 1 | G16: 70
F17: =SUM(F2:F16) -> 23

Sheet Batch || Working
A1: S. No. | B1: Section | C1: Roll No | D1: Name | E1: Email ID | F1: #Courses | G1: Subject 1 | H1: Subject 2 | I1: Subject 3 | J1: Subject 4 | K1: Subject 5 | M1: Subject 1 | N1: Fintech (Digital Transformation in Finance) (A) | P1: {=TRANSPOSE(N1:N23)} -> Fintech (Digital Transformation in Finance) (A) | Q1: Fintech (Digital Transformation in Finance) (B) | R1: Behavioural Economics and Decision-Making (A) | S1: Behavioural Economics and Decision-Making (B) | T1: The Art, Craft, and Science of Management: Learning through Classics and Best Collections (A) | U1: The Art, Craft, and Science of Management: Learning through Classics and Best Collections (B) | V1: Workplace Happiness: Science & Practice (A) | W1: Workplace Happiness: Science & Practice (B) | X1: Leadership Excellence Through Values : Wisdom from the Mahabharata | Y1: Film & the Firm: Visual Culture in Business Contexts (A) | Z1: Film & the Firm: Visual Culture in Business Contexts (B) | AA1: Strategic HRM | AB1: Strategic Career Management (A) | AC1: Strategic Career Management (B) | AD1: AI AND STRATEGY | AE1: Employer Branding | AF1: AI Applications in Marketing (A) | AG1: AI Applications in Marketing (B) | AH1: SPORTS ANALYTICS (A) | AI1: SPORTS ANALYTICS (B) | AJ1: Customer Success Management | AK1: Entrepreneurial Marketing | AL1: Industry 4.0 in Transport Sector
A2: 1 | B2: A | C2: M001-24 | D2: Aakriti Priya | E2: aakriti.priya24m@iimranchi.ac.in | F2: =COUNTA(G2:K2) -> 5 | G2: =IFERROR(__xludf.DUMMYFUNCTION("INDEX(FILTER($P2:$AL2, $P2:$AL2 <> """"), 1)"),"Workplace Happiness: Science & Practice (A)") -> Workplace Happiness: Science & Practice (A) | H2: =IFERROR(__xludf.DUMMYFUNCTION("INDEX(FILTER($P2:$AL2, $P2:$AL2 <> """"), 2)"),"Strategic Career Management (A)") -> Strategic Career Management (A) | I2: =IFERROR(__xludf.DUMMYFUNCTION("INDEX(FILTER($P2:$AL2, $P2:$AL2 <> """"), 3)"),"Industry 4.0 in Transport Sector") -> Industry 4.0 in Transport Sector | J2: =IFERROR(__xludf.DUMMYFUNCTION("IFERROR(INDEX(FILTER($P2:$AL2, $P2:$AL2 <> """"), 4),)"),"") | K2: =IFERROR(__xludf.DUMMYFUNCTION("IFERROR(INDEX(FILTER($P2:$AL2, $P2:$AL2 <> """"), 5),)"),"") | M2: Subject 2 | N2: Fintech (Digital Transformation in Finance) (B) | P2: =IF(COUNTIF('Fintech-A'!$A:$A, $C2), P$1, "") | Q2: =IF(COUNTIF('Fintech-B'!$A:$A, $C2), Q$1, "") | R2: =IF(COUNTIF('BEDM-A'!$A:$A, $C2), R$1, "") | S2: =IF(COUNTIF('BEDM-B'!$A:$A, $C2), S$1, "") | T2: =IF(COUNTIF('Art-A'!$A:$A, $C2), T$1, "") | U2: =IF(COUNTIF('Art-B'!$A:$A, $C2), U$1, "") | V2: =IF(COUNTIF('WH-A'!$A:$A, $C2), V$1, "") -> Workplace Happiness: Science & Practice (A) | W2: =IF(COUNTIF('WH-B'!$A:$A, $C2), W$1, "") | X2: =IF(COUNTIF(LETV!$A:$A, $C2), X$1, "") | Y2: =IF(COUNTIF('Film&Firm-A'!$A:$A, $C2), Y$1, "") | Z2: =IF(COUNTIF('Film&Firm-B'!$A:$A, $C2), Z$1, "") | AA2: =IF(COUNTIF(SHRM!$A:$A, $C2), AA$1, "") | AB2: =IF(COUNTIF('SCM-A'!$A:$A, $C2), AB$1, "") -> Strategic Career Management (A) | AC2: =IF(COUNTIF('SCM-B'!$A:$A, $C2), AC$1, "") | AD2: =IF(COUNTIF(AIS!$A:$A, $C2), AD$1, "") | AE2: =IF(COUNTIF(EB!$A:$A, $C2), AE$1, "") | AF2: =IF(COUNTIF('AIAM-A'!$A:$A, $C2), AF$1, "") | AG2: =IF(COUNTIF('AIAM-B'!$A:$A, $C2), AG$1, "") | AH2: =IF(COUNTIF('SA-A'!$A:$A, $C2), AH$1, "") | AI2: =IF(COUNTIF('SA-B'!$A:$A, $C2), AI$1, "") | AJ2: =IF(COUNTIF(CSM!$A:$A, $C2), AJ$1, "") | AK2: =IF(COUNTIF(EM!$A:$A, $C2), AK$1, "") | AL2: =IF(COUNTIF(I4TS!$A:$A, $C2), AL$1, "") -> Industry 4.0 in Transport Sector
A3: 2 | B3: A | C3: M002-24 | D3: Aditya Kumar | E3: aditya.kumar24m@iimranchi.ac.in | F3: =COUNTA(G3:K3) -> 5 | G3: =IFERROR(__xludf.DUMMYFUNCTION("INDEX(FILTER($P3:$AL3, $P3:$AL3 <> """"), 1)"),"Strategic Career Management (B)") -> Strategic Career Management (B) | H3: =IFERROR(__xludf.DUMMYFUNCTION("INDEX(FILTER($P3:$AL3, $P3:$AL3 <> """"), 2)"),"AI AND STRATEGY") -> AI AND STRATEGY | I3: =IFERROR(__xludf.DUMMYFUNCTION("INDEX(FILTER($P3:$AL3, $P3:$AL3 <> """"), 3)"),"Entrepreneurial Marketing") -> Entrepreneurial Marketing | J3: =IFERROR(__xludf.DUMMYFUNCTION("IFERROR(INDEX(FILTER($P3:$AL3, $P3:$AL3 <> """"), 4),)"),"") | K3: =IFERROR(__xludf.DUMMYFUNCTION("IFERROR(INDEX(FILTER($P3:$AL3, $P3:$AL3 <> """"), 5),)"),"") | M3: Subject 3 | N3: Behavioural Economics and Decision-Making (A) | P3: =IF(COUNTIF('Fintech-A'!$A:$A, $C3), P$1, "") | Q3: =IF(COUNTIF('Fintech-B'!$A:$A, $C3), Q$1, "") | R3: =IF(COUNTIF('BEDM-A'!$A:$A, $C3), R$1, "") | S3: =IF(COUNTIF('BEDM-B'!$A:$A, $C3), S$1, "") | T3: =IF(COUNTIF('Art-A'!$A:$A, $C3), T$1, "") | U3: =IF(COUNTIF('Art-B'!$A:$A, $C3), U$1, "") | V3: =IF(COUNTIF('WH-A'!$A:$A, $C3), V$1, "") | W3: =IF(COUNTIF('WH-B'!$A:$A, $C3), W$1, "") | X3: =IF(COUNTIF(LETV!$A:$A, $C3), X$1, "") | Y3: =IF(COUNTIF('Film&Firm-A'!$A:$A, $C3), Y$1, "") | Z3: =IF(COUNTIF('Film&Firm-B'!$A:$A, $C3), Z$1, "") | AA3: =IF(COUNTIF(SHRM!$A:$A, $C3), AA$1, "") | AB3: =IF(COUNTIF('SCM-A'!$A:$A, $C3), AB$1, "") | AC3: =IF(COUNTIF('SCM-B'!$A:$A, $C3), AC$1, "") -> Strategic Career Management (B) | AD3: =IF(COUNTIF(AIS!$A:$A, $C3), AD$1, "") -> AI AND STRATEGY | AE3: =IF(COUNTIF(EB!$A:$A, $C3), AE$1, "") | AF3: =IF(COUNTIF('AIAM-A'!$A:$A, $C3), AF$1, "") | AG3: =IF(COUNTIF('AIAM-B'!$A:$A, $C3), AG$1, "") | AH3: =IF(COUNTIF('SA-A'!$A:$A, $C3), AH$1, "") | AI3: =IF(COUNTIF('SA-B'!$A:$A, $C3), AI$1, "") | AJ3: =IF(COUNTIF(CSM!$A:$A, $C3), AJ$1, "") | AK3: =IF(COUNTIF(EM!$A:$A, $C3), AK$1, "") -> Entrepreneurial Marketing | AL3: =IF(COUNTIF(I4TS!$A:$A, $C3), AL$1, "")
A4: 3 | B4: A | C4: M003-24 | D4: Akshay Vaishnav | E4: akshay.vaishnav24m@iimranchi.ac.in | F4: =COUNTA(G4:K4) -> 5 | G4: =IFERROR(__xludf.DUMMYFUNCTION("INDEX(FILTER($P4:$AL4, $P4:$AL4 <> """"), 1)"),"Fintech (Digital Transformation in Finance) (B)") -> Fintech (Digital Transformation in Finance) (B) | H4: =IFERROR(__xludf.DUMMYFUNCTION("INDEX(FILTER($P4:$AL4, $P4:$AL4 <> """"), 2)"),"AI AND STRATEGY") -> AI AND STRATEGY | I4: =IFERROR(__xludf.DUMMYFUNCTION("INDEX(FILTER($P4:$AL4, $P4:$AL4 <> """"), 3)"),"AI Applications in Marketing (B)") -> AI Applications in Marketing (B) | J4: =IFERROR(__xludf.DUMMYFUNCTION("IFERROR(INDEX(FILTER($P4:$AL4, $P4:$AL4 <> """"), 4),)"),"SPORTS ANALYTICS (B)") -> SPORTS ANALYTICS (B) | K4: =IFERROR(__xludf.DUMMYFUNCTION("IFERROR(INDEX(FILTER($P4:$AL4, $P4:$AL4 <> """"), 5),)"),"Entrepreneurial Marketing") -> Entrepreneurial Marketing | M4: Subject 4 | N4: Behavioural Economics and Decision-Making (B) | P4: =IF(COUNTIF('Fintech-A'!$A:$A, $C4), P$1, "") | Q4: =IF(COUNTIF('Fintech-B'!$A:$A, $C4), Q$1, "") -> Fintech (Digital Transformation in Finance) (B) | R4: =IF(COUNTIF('BEDM-A'!$A:$A, $C4), R$1, "") | S4: =IF(COUNTIF('BEDM-B'!$A:$A, $C4), S$1, "") | T4: =IF(COUNTIF('Art-A'!$A:$A, $C4), T$1, "") | U4: =IF(COUNTIF('Art-B'!$A:$A, $C4), U$1, "") | V4: =IF(COUNTIF('WH-A'!$A:$A, $C4), V$1, "") | W4: =IF(COUNTIF('WH-B'!$A:$A, $C4), W$1, "") | X4: =IF(COUNTIF(LETV!$A:$A, $C4), X$1, "") | Y4: =IF(COUNTIF('Film&Firm-A'!$A:$A, $C4), Y$1, "") | Z4: =IF(COUNTIF('Film&Firm-B'!$A:$A, $C4), Z$1, "") | AA4: =IF(COUNTIF(SHRM!$A:$A, $C4), AA$1, "") | AB4: =IF(COUNTIF('SCM-A'!$A:$A, $C4), AB$1, "") | AC4: =IF(COUNTIF('SCM-B'!$A:$A, $C4), AC$1, "") | AD4: =IF(COUNTIF(AIS!$A:$A, $C4), AD$1, "") -> AI AND STRATEGY | AE4: =IF(COUNTIF(EB!$A:$A, $C4), AE$1, "") | AF4: =IF(COUNTIF('AIAM-A'!$A:$A, $C4), AF$1, "") | AG4: =IF(COUNTIF('AIAM-B'!$A:$A, $C4), AG$1, "") -> AI Applications in Marketing (B) | AH4: =IF(COUNTIF('SA-A'!$A:$A, $C4), AH$1, "") | AI4: =IF(COUNTIF('SA-B'!$A:$A, $C4), AI$1, "") -> SPORTS ANALYTICS (B) | AJ4: =IF(COUNTIF(CSM!$A:$A, $C4), AJ$1, "") | AK4: =IF(COUNTIF(EM!$A:$A, $C4), AK$1, "") -> Entrepreneurial Marketing | AL4: =IF(COUNTIF(I4TS!$A:$A, $C4), AL$1, "")
A5: 4 | B5: A | C5: M004-24 | D5: Alok Pandey | E5: alok.pandey24m@iimranchi.ac.in | F5: =COUNTA(G5:K5) -> 5 | G5: =IFERROR(__xludf.DUMMYFUNCTION("INDEX(FILTER($P5:$AL5, $P5:$AL5 <> """"), 1)"),"The Art, Craft, and Science of Management: Learning through Classics and Best Collections (A)") -> The Art, Craft, and Science of Management: Learning through Classics and Best Collections (A) | H5: =IFERROR(__xludf.DUMMYFUNCTION("INDEX(FILTER($P5:$AL5, $P5:$AL5 <> """"), 2)"),"Employer Branding") -> Employer Branding | I5: =IFERROR(__xludf.DUMMYFUNCTION("INDEX(FILTER($P5:$AL5, $P5:$AL5 <> """"), 3)"),"SPORTS ANALYTICS (A)") -> SPORTS ANALYTICS (A) | J5: =IFERROR(__xludf.DUMMYFUNCTION("IFERROR(INDEX(FILTER($P5:$AL5, $P5:$AL5 <> """"), 4),)"),"") | K5: =IFERROR(__xludf.DUMMYFUNCTION("IFERROR(INDEX(FILTER($P5:$AL5, $P5:$AL5 <> """"), 5),)"),"") | M5: Subject 5 | N5: The Art, Craft, and Science of Management: Learning through Classics and Best Collections (A) | P5: =IF(COUNTIF('Fintech-A'!$A:$A, $C5), P$1, "") | Q5: =IF(COUNTIF('Fintech-B'!$A:$A, $C5), Q$1, "") | R5: =IF(COUNTIF('BEDM-A'!$A:$A, $C5), R$1, "") | S5: =IF(COUNTIF('BEDM-B'!$A:$A, $C5), S$1, "") | T5: =IF(COUNTIF('Art-A'!$A:$A, $C5), T$1, "") -> The Art, Craft, and Science of Management: Learning through Classics and Best Collections (A) | U5: =IF(COUNTIF('Art-B'!$A:$A, $C5), U$1, "") | V5: =IF(COUNTIF('WH-A'!$A:$A, $C5), V$1, "") | W5: =IF(COUNTIF('WH-B'!$A:$A, $C5), W$1, "") | X5: =IF(COUNTIF(LETV!$A:$A, $C5), X$1, "") | Y5: =IF(COUNTIF('Film&Firm-A'!$A:$A, $C5), Y$1, "") | Z5: =IF(COUNTIF('Film&Firm-B'!$A:$A, $C5), Z$1, "") | AA5: =IF(COUNTIF(SHRM!$A:$A, $C5), AA$1, "") | AB5: =IF(COUNTIF('SCM-A'!$A:$A, $C5), AB$1, "") | AC5: =IF(COUNTIF('SCM-B'!$A:$A, $C5), AC$1, "") | AD5: =IF(COUNTIF(AIS!$A:$A, $C5), AD$1, "") | AE5: =IF(COUNTIF(EB!$A:$A, $C5), AE$1, "") -> Employer Branding | AF5: =IF(COUNTIF('AIAM-A'!$A:$A, $C5), AF$1, "") | AG5: =IF(COUNTIF('AIAM-B'!$A:$A, $C5), AG$1, "") | AH5: =IF(COUNTIF('SA-A'!$A:$A, $C5), AH$1, "") -> SPORTS ANALYTICS (A) | AI5: =IF(COUNTIF('SA-B'!$A:$A, $C5), AI$1, "") | AJ5: =IF(COUNTIF(CSM!$A:$A, $C5), AJ$1, "") | AK5: =IF(COUNTIF(EM!$A:$A, $C5), AK$1, "") | AL5: =IF(COUNTIF(I4TS!$A:$A, $C5), AL$1, "")
A6: 5 | B6: A | C6: M005-24 | D6: Alwyn Tej Kumar Toppo | E6: alwyn.tejkumartoppo24m@iimranchi.ac.in | F6: =COUNTA(G6:K6) -> 5 | G6: =IFERROR(__xludf.DUMMYFUNCTION("INDEX(FILTER($P6:$AL6, $P6:$AL6 <> """"), 1)"),"Film & the Firm: Visual Culture in Business Contexts (A)") -> Film & the Firm: Visual Culture in Business Contexts (A) | H6: =IFERROR(__xludf.DUMMYFUNCTION("INDEX(FILTER($P6:$AL6, $P6:$AL6 <> """"), 2)"),"AI Applications in Marketing (A)") -> AI Applications in Marketing (A) | I6: =IFERROR(__xludf.DUMMYFUNCTION("INDEX(FILTER($P6:$AL6, $P6:$AL6 <> """"), 3)"),"SPORTS ANALYTICS (A)") -> SPORTS ANALYTICS (A) | J6: =IFERROR(__xludf.DUMMYFUNCTION("IFERROR(INDEX(FILTER($P6:$AL6, $P6:$AL6 <> """"), 4),)"),"Customer Success Management") -> Customer Success Management | K6: =IFERROR(__xludf.DUMMYFUNCTION("IFERROR(INDEX(FILTER($P6:$AL6, $P6:$AL6 <> """"), 5),)"),"Entrepreneurial Marketing") -> Entrepreneurial Marketing | M6: Subject 6 | N6: The Art, Craft, and Science of Management: Learning through Classics and Best Collections (B) | P6: =IF(COUNTIF('Fintech-A'!$A:$A, $C6), P$1, "") | Q6: =IF(COUNTIF('Fintech-B'!$A:$A, $C6), Q$1, "") | R6: =IF(COUNTIF('BEDM-A'!$A:$A, $C6), R$1, "") | S6: =IF(COUNTIF('BEDM-B'!$A:$A, $C6), S$1, "") | T6: =IF(COUNTIF('Art-A'!$A:$A, $C6), T$1, "") | U6: =IF(COUNTIF('Art-B'!$A:$A, $C6), U$1, "") | V6: =IF(COUNTIF('WH-A'!$A:$A, $C6), V$1, "") | W6: =IF(COUNTIF('WH-B'!$A:$A, $C6), W$1, "") | X6: =IF(COUNTIF(LETV!$A:$A, $C6), X$1, "") | Y6: =IF(COUNTIF('Film&Firm-A'!$A:$A, $C6), Y$1, "") -> Film & the Firm: Visual Culture in Business Contexts (A) | Z6: =IF(COUNTIF('Film&Firm-B'!$A:$A, $C6), Z$1, "") | AA6: =IF(COUNTIF(SHRM!$A:$A, $C6), AA$1, "") | AB6: =IF(COUNTIF('SCM-A'!$A:$A, $C6), AB$1, "") | AC6: =IF(COUNTIF('SCM-B'!$A:$A, $C6), AC$1, "") | AD6: =IF(COUNTIF(AIS!$A:$A, $C6), AD$1, "") | AE6: =IF(COUNTIF(EB!$A:$A, $C6), AE$1, "") | AF6: =IF(COUNTIF('AIAM-A'!$A:$A, $C6), AF$1, "") -> AI Applications in Marketing (A) | AG6: =IF(COUNTIF('AIAM-B'!$A:$A, $C6), AG$1, "") | AH6: =IF(COUNTIF('SA-A'!$A:$A, $C6), AH$1, "") -> SPORTS ANALYTICS (A) | AI6: =IF(COUNTIF('SA-B'!$A:$A, $C6), AI$1, "") | AJ6: =IF(COUNTIF(CSM!$A:$A, $C6), AJ$1, "") -> Customer Success Management | AK6: =IF(COUNTIF(EM!$A:$A, $C6), AK$1, "") -> Entrepreneurial Marketing | AL6: =IF(COUNTIF(I4TS!$A:$A, $C6), AL$1, "")
A7: 6 | B7: A | C7: M006-24 | D7: Ananya Chhabra | E7: ananya.chhabra24m@iimranchi.ac.in | F7: =COUNTA(G7:K7) -> 5 | G7: =IFERROR(__xludf.DUMMYFUNCTION("INDEX(FILTER($P7:$AL7, $P7:$AL7 <> """"), 1)"),"Leadership Excellence Through Values : Wisdom from the Mahabharata") -> Leadership Excellence Through Values : Wisdom from the Mahabharata | H7: =IFERROR(__xludf.DUMMYFUNCTION("INDEX(FILTER($P7:$AL7, $P7:$AL7 <> """"), 2)"),"AI AND STRATEGY") -> AI AND STRATEGY | I7: =IFERROR(__xludf.DUMMYFUNCTION("INDEX(FILTER($P7:$AL7, $P7:$AL7 <> """"), 3)"),"Industry 4.0 in Transport Sector") -> Industry 4.0 in Transport Sector | J7: =IFERROR(__xludf.DUMMYFUNCTION("IFERROR(INDEX(FILTER($P7:$AL7, $P7:$AL7 <> """"), 4),)"),"") | K7: =IFERROR(__xludf.DUMMYFUNCTION("IFERROR(INDEX(FILTER($P7:$AL7, $P7:$AL7 <> """"), 5),)"),"") | M7: Subject 7 | N7: Workplace Happiness: Science & Practice (A) | P7: =IF(COUNTIF('Fintech-A'!$A:$A, $C7), P$1, "") | Q7: =IF(COUNTIF('Fintech-B'!$A:$A, $C7), Q$1, "") | R7: =IF(COUNTIF('BEDM-A'!$A:$A, $C7), R$1, "") | S7: =IF(COUNTIF('BEDM-B'!$A:$A, $C7), S$1, "") | T7: =IF(COUNTIF('Art-A'!$A:$A, $C7), T$1, "") | U7: =IF(COUNTIF('Art-B'!$A:$A, $C7), U$1, "") | V7: =IF(COUNTIF('WH-A'!$A:$A, $C7), V$1, "") | W7: =IF(COUNTIF('WH-B'!$A:$A, $C7), W$1, "") | X7: =IF(COUNTIF(LETV!$A:$A, $C7), X$1, "") -> Leadership Excellence Through Values : Wisdom from the Mahabharata | Y7: =IF(COUNTIF('Film&Firm-A'!$A:$A, $C7), Y$1, "") | Z7: =IF(COUNTIF('Film&Firm-B'!$A:$A, $C7), Z$1, "") | AA7: =IF(COUNTIF(SHRM!$A:$A, $C7), AA$1, "") | AB7: =IF(COUNTIF('SCM-A'!$A:$A, $C7), AB$1, "") | AC7: =IF(COUNTIF('SCM-B'!$A:$A, $C7), AC$1, "") | AD7: =IF(COUNTIF(AIS!$A:$A, $C7), AD$1, "") -> AI AND STRATEGY | AE7: =IF(COUNTIF(EB!$A:$A, $C7), AE$1, "") | AF7: =IF(COUNTIF('AIAM-A'!$A:$A, $C7), AF$1, "") | AG7: =IF(COUNTIF('AIAM-B'!$A:$A, $C7), AG$1, "") | AH7: =IF(COUNTIF('SA-A'!$A:$A, $C7), AH$1, "") | AI7: =IF(COUNTIF('SA-B'!$A:$A, $C7), AI$1, "") | AJ7: =IF(COUNTIF(CSM!$A:$A, $C7), AJ$1, "") | AK7: =IF(COUNTIF(EM!$A:$A, $C7), AK$1, "") | AL7: =IF(COUNTIF(I4TS!$A:$A, $C7), AL$1, "") -> Industry 4.0 in Transport Sector
A8: 7 | B8: A | C8: M007-24 | D8: Anish Kumar | E8: anish.kumar24m@iimranchi.ac.in | F8: =COUNTA(G8:K8) -> 5 | G8: =IFERROR(__xludf.DUMMYFUNCTION("INDEX(FILTER($P8:$AL8, $P8:$AL8 <> """"), 1)"),"Fintech (Digital Transformation in Finance) (B)") -> Fintech (Digital Transformation in Finance) (B) | H8: =IFERROR(__xludf.DUMMYFUNCTION("INDEX(FILTER($P8:$AL8, $P8:$AL8 <> """"), 2)"),"Behavioural Economics and Decision-Making (B)") -> Behavioural Economics and Decision-Making (B) | I8: =IFERROR(__xludf.DUMMYFUNCTION("INDEX(FILTER($P8:$AL8, $P8:$AL8 <> """"), 3)"),"Film & the Firm: Visual Culture in Business Contexts (A)") -> Film & the Firm: Visual Culture in Business Contexts (A) | J8: =IFERROR(__xludf.DUMMYFUNCTION("IFERROR(INDEX(FILTER($P8:$AL8, $P8:$AL8 <> """"), 4),)"),"") | K8: =IFERROR(__xludf.DUMMYFUNCTION("IFERROR(INDEX(FILTER($P8:$AL8, $P8:$AL8 <> """"), 5),)"),"") | M8: Subject 8 | N8: Workplace Happiness: Science & Practice (B) | P8: =IF(COUNTIF('Fintech-A'!$A:$A, $C8), P$1, "") | Q8: =IF(COUNTIF('Fintech-B'!$A:$A, $C8), Q$1, "") -> Fintech (Digital Transformation in Finance) (B) | R8: =IF(COUNTIF('BEDM-A'!$A:$A, $C8), R$1, "") | S8: =IF(COUNTIF('BEDM-B'!$A:$A, $C8), S$1, "") -> Behavioural Economics and Decision-Making (B) | T8: =IF(COUNTIF('Art-A'!$A:$A, $C8), T$1, "") | U8: =IF(COUNTIF('Art-B'!$A:$A, $C8), U$1, "") | V8: =IF(COUNTIF('WH-A'!$A:$A, $C8), V$1, "") | W8: =IF(COUNTIF('WH-B'!$A:$A, $C8), W$1, "") | X8: =IF(COUNTIF(LETV!$A:$A, $C8), X$1, "") | Y8: =IF(COUNTIF('Film&Firm-A'!$A:$A, $C8), Y$1, "") -> Film & the Firm: Visual Culture in Business Contexts (A) | Z8: =IF(COUNTIF('Film&Firm-B'!$A:$A, $C8), Z$1, "") | AA8: =IF(COUNTIF(SHRM!$A:$A, $C8), AA$1, "") | AB8: =IF(COUNTIF('SCM-A'!$A:$A, $C8), AB$1, "") | AC8: =IF(COUNTIF('SCM-B'!$A:$A, $C8), AC$1, "") | AD8: =IF(COUNTIF(AIS!$A:$A, $C8), AD$1, "") | AE8: =IF(COUNTIF(EB!$A:$A, $C8), AE$1, "") | AF8: =IF(COUNTIF('AIAM-A'!$A:$A, $C8), AF$1, "") | AG8: =IF(COUNTIF('AIAM-B'!$A:$A, $C8), AG$1, "") | AH8: =IF(COUNTIF('SA-A'!$A:$A, $C8), AH$1, "") | AI8: =IF(COUNTIF('SA-B'!$A:$A, $C8), AI$1, "") | AJ8: =IF(COUNTIF(CSM!$A:$A, $C8), AJ$1, "") | AK8: =IF(COUNTIF(EM!$A:$A, $C8), AK$1, "") | AL8: =IF(COUNTIF(I4TS!$A:$A, $C8), AL$1, "")
A9: 8 | B9: A | C9: M010-24 | D9: Athulya Lal | E9: athulya.lal24m@iimranchi.ac.in | F9: =COUNTA(G9:K9) -> 5 | G9: =IFERROR(__xludf.DUMMYFUNCTION("INDEX(FILTER($P9:$AL9, $P9:$AL9 <> """"), 1)"),"Behavioural Economics and Decision-Making (B)") -> Behavioural Economics and Decision-Making (B) | H9: =IFERROR(__xludf.DUMMYFUNCTION("INDEX(FILTER($P9:$AL9, $P9:$AL9 <> """"), 2)"),"Leadership Excellence Through Values : Wisdom from the Mahabharata") -> Leadership Excellence Through Values : Wisdom from the Mahabharata | I9: =IFERROR(__xludf.DUMMYFUNCTION("INDEX(FILTER($P9:$AL9, $P9:$AL9 <> """"), 3)"),"Film & the Firm: Visual Culture in Business Contexts (A)") -> Film & the Firm: Visual Culture in Business Contexts (A) | J9: =IFERROR(__xludf.DUMMYFUNCTION("IFERROR(INDEX(FILTER($P9:$AL9, $P9:$AL9 <> """"), 4),)"),"") | K9: =IFERROR(__xludf.DUMMYFUNCTION("IFERROR(INDEX(FILTER($P9:$AL9, $P9:$AL9 <> """"), 5),)"),"") | M9: Subject 9 | N9: Leadership Excellence Through Values : Wisdom from the Mahabharata | P9: =IF(COUNTIF('Fintech-A'!$A:$A, $C9), P$1, "") | Q9: =IF(COUNTIF('Fintech-B'!$A:$A, $C9), Q$1, "") | R9: =IF(COUNTIF('BEDM-A'!$A:$A, $C9), R$1, "") | S9: =IF(COUNTIF('BEDM-B'!$A:$A, $C9), S$1, "") -> Behavioural Economics and Decision-Making (B) | T9: =IF(COUNTIF('Art-A'!$A:$A, $C9), T$1, "") | U9: =IF(COUNTIF('Art-B'!$A:$A, $C9), U$1, "") | V9: =IF(COUNTIF('WH-A'!$A:$A, $C9), V$1, "") | W9: =IF(COUNTIF('WH-B'!$A:$A, $C9), W$1, "") | X9: =IF(COUNTIF(LETV!$A:$A, $C9), X$1, "") -> Leadership Excellence Through Values : Wisdom from the Mahabharata | Y9: =IF(COUNTIF('Film&Firm-A'!$A:$A, $C9), Y$1, "") -> Film & the Firm: Visual Culture in Business Contexts (A) | Z9: =IF(COUNTIF('Film&Firm-B'!$A:$A, $C9), Z$1, "") | AA9: =IF(COUNTIF(SHRM!$A:$A, $C9), AA$1, "") | AB9: =IF(COUNTIF('SCM-A'!$A:$A, $C9), AB$1, "") | AC9: =IF(COUNTIF('SCM-B'!$A:$A, $C9), AC$1, "") | AD9: =IF(COUNTIF(AIS!$A:$A, $C9), AD$1, "") | AE9: =IF(COUNTIF(EB!$A:$A, $C9), AE$1, "") | AF9: =IF(COUNTIF('AIAM-A'!$A:$A, $C9), AF$1, "") | AG9: =IF(COUNTIF('AIAM-B'!$A:$A, $C9), AG$1, "") | AH9: =IF(COUNTIF('SA-A'!$A:$A, $C9), AH$1, "") | AI9: =IF(COUNTIF('SA-B'!$A:$A, $C9), AI$1, "") | AJ9: =IF(COUNTIF(CSM!$A:$A, $C9), AJ$1, "") | AK9: =IF(COUNTIF(EM!$A:$A, $C9), AK$1, "") | AL9: =IF(COUNTIF(I4TS!$A:$A, $C9), AL$1, "")
A10: 9 | B10: A | C10: M011-24 | D10: Charushi Darro | E10: charushi.darro24m@iimranchi.ac.in | F10: =COUNTA(G10:K10) -> 5 | G10: =IFERROR(__xludf.DUMMYFUNCTION("INDEX(FILTER($P10:$AL10, $P10:$AL10 <> """"), 1)"),"Workplace Happiness: Science & Practice (B)") -> Workplace Happiness: Science & Practice (B) | H10: =IFERROR(__xludf.DUMMYFUNCTION("INDEX(FILTER($P10:$AL10, $P10:$AL10 <> """"), 2)"),"Film & the Firm: Visual Culture in Business Contexts (A)") -> Film & the Firm: Visual Culture in Business Contexts (A) | I10: =IFERROR(__xludf.DUMMYFUNCTION("INDEX(FILTER($P10:$AL10, $P10:$AL10 <> """"), 3)"),"Strategic HRM") -> Strategic HRM | J10: =IFERROR(__xludf.DUMMYFUNCTION("IFERROR(INDEX(FILTER($P10:$AL10, $P10:$AL10 <> """"), 4),)"),"AI AND STRATEGY") -> AI AND STRATEGY | K10: =IFERROR(__xludf.DUMMYFUNCTION("IFERROR(INDEX(FILTER($P10:$AL10, $P10:$AL10 <> """"), 5),)"),"Entrepreneurial Marketing") -> Entrepreneurial Marketing | M10: Subject 10 | N10: Film & the Firm: Visual Culture in Business Contexts (A) | P10: =IF(COUNTIF('Fintech-A'!$A:$A, $C10), P$1, "") | Q10: =IF(COUNTIF('Fintech-B'!$A:$A, $C10), Q$1, "") | R10: =IF(COUNTIF('BEDM-A'!$A:$A, $C10), R$1, "") | S10: =IF(COUNTIF('BEDM-B'!$A:$A, $C10), S$1, "") | T10: =IF(COUNTIF('Art-A'!$A:$A, $C10), T$1, "") | U10: =IF(COUNTIF('Art-B'!$A:$A, $C10), U$1, "") | V10: =IF(COUNTIF('WH-A'!$A:$A, $C10), V$1, "") | W10: =IF(COUNTIF('WH-B'!$A:$A, $C10), W$1, "") -> Workplace Happiness: Science & Practice (B) | X10: =IF(COUNTIF(LETV!$A:$A, $C10), X$1, "") | Y10: =IF(COUNTIF('Film&Firm-A'!$A:$A, $C10), Y$1, "") -> Film & the Firm: Visual Culture in Business Contexts (A) | Z10: =IF(COUNTIF('Film&Firm-B'!$A:$A, $C10), Z$1, "") | AA10: =IF(COUNTIF(SHRM!$A:$A, $C10), AA$1, "") -> Strategic HRM | AB10: =IF(COUNTIF('SCM-A'!$A:$A, $C10), AB$1, "") | AC10: =IF(COUNTIF('SCM-B'!$A:$A, $C10), AC$1, "") | AD10: =IF(COUNTIF(AIS!$A:$A, $C10), AD$1, "") -> AI AND STRATEGY | AE10: =IF(COUNTIF(EB!$A:$A, $C10), AE$1, "") | AF10: =IF(COUNTIF('AIAM-A'!$A:$A, $C10), AF$1, "") | AG10: =IF(COUNTIF('AIAM-B'!$A:$A, $C10), AG$1, "") | AH10: =IF(COUNTIF('SA-A'!$A:$A, $C10), AH$1, "") | AI10: =IF(COUNTIF('SA-B'!$A:$A, $C10), AI$1, "") | AJ10: =IF(COUNTIF(CSM!$A:$A, $C10), AJ$1, "") | AK10: =IF(COUNTIF(EM!$A:$A, $C10), AK$1, "") -> Entrepreneurial Marketing | AL10: =IF(COUNTIF(I4TS!$A:$A, $C10), AL$1, "")
A11: 10 | B11: A | C11: M012-24 | D11: Chaudhari Mithilesh Ramdas | E11: chaudhari.mithileshramdas24m@iimranchi.ac.in | F11: =COUNTA(G11:K11) -> 5 | G11: =IFERROR(__xludf.DUMMYFUNCTION("INDEX(FILTER($P11:$AL11, $P11:$AL11 <> """"), 1)"),"AI AND STRATEGY") -> AI AND STRATEGY | H11: =IFERROR(__xludf.DUMMYFUNCTION("INDEX(FILTER($P11:$AL11, $P11:$AL11 <> """"), 2)"),"AI Applications in Marketing (B)") -> AI Applications in Marketing (B) | I11: =IFERROR(__xludf.DUMMYFUNCTION("INDEX(FILTER($P11:$AL11, $P11:$AL11 <> """"), 3)"),"Customer Success Management") -> Customer Success Management | J11: =IFERROR(__xludf.DUMMYFUNCTION("IFERROR(INDEX(FILTER($P11:$AL11, $P11:$AL11 <> """"), 4),)"),"") | K11: =IFERROR(__xludf.DUMMYFUNCTION("IFERROR(INDEX(FILTER($P11:$AL11, $P11:$AL11 <> """"), 5),)"),"") | M11: Subject 11 | N11: Film & the Firm: Visual Culture in Business Contexts (B) | P11: =IF(COUNTIF('Fintech-A'!$A:$A, $C11), P$1, "") | Q11: =IF(COUNTIF('Fintech-B'!$A:$A, $C11), Q$1, "") | R11: =IF(COUNTIF('BEDM-A'!$A:$A, $C11), R$1, "") | S11: =IF(COUNTIF('BEDM-B'!$A:$A, $C11), S$1, "") | T11: =IF(COUNTIF('Art-A'!$A:$A, $C11), T$1, "") | U11: =IF(COUNTIF('Art-B'!$A:$A, $C11), U$1, "") | V11: =IF(COUNTIF('WH-A'!$A:$A, $C11), V$1, "") | W11: =IF(COUNTIF('WH-B'!$A:$A, $C11), W$1, "") | X11: =IF(COUNTIF(LETV!$A:$A, $C11), X$1, "") | Y11: =IF(COUNTIF('Film&Firm-A'!$A:$A, $C11), Y$1, "") | Z11: =IF(COUNTIF('Film&Firm-B'!$A:$A, $C11), Z$1, "") | AA11: =IF(COUNTIF(SHRM!$A:$A, $C11), AA$1, "") | AB11: =IF(COUNTIF('SCM-A'!$A:$A, $C11), AB$1, "") | AC11: =IF(COUNTIF('SCM-B'!$A:$A, $C11), AC$1, "") | AD11: =IF(COUNTIF(AIS!$A:$A, $C11), AD$1, "") -> AI AND STRATEGY | AE11: =IF(COUNTIF(EB!$A:$A, $C11), AE$1, "") | AF11: =IF(COUNTIF('AIAM-A'!$A:$A, $C11), AF$1, "") | AG11: =IF(COUNTIF('AIAM-B'!$A:$A, $C11), AG$1, "") -> AI Applications in Marketing (B) | AH11: =IF(COUNTIF('SA-A'!$A:$A, $C11), AH$1, "") | AI11: =IF(COUNTIF('SA-B'!$A:$A, $C11), AI$1, "") | AJ11: =IF(COUNTIF(CSM!$A:$A, $C11), AJ$1, "") -> Customer Success Management | AK11: =IF(COUNTIF(EM!$A:$A, $C11), AK$1, "") | AL11: =IF(COUNTIF(I4TS!$A:$A, $C11), AL$1, "")
A12: 11 | B12: A | C12: M013-24 | D12: Chetna | E12: chetna.24m@iimranchi.ac.in | F12: =COUNTA(G12:K12) -> 5 | G12: =IFERROR(__xludf.DUMMYFUNCTION("INDEX(FILTER($P12:$AL12, $P12:$AL12 <> """"), 1)"),"Fintech (Digital Transformation in Finance) (B)") -> Fintech (Digital Transformation in Finance) (B) | H12: =IFERROR(__xludf.DUMMYFUNCTION("INDEX(FILTER($P12:$AL12, $P12:$AL12 <> """"), 2)"),"Film & the Firm: Visual Culture in Business Contexts (B)") -> Film & the Firm: Visual Culture in Business Contexts (B) | I12: =IFERROR(__xludf.DUMMYFUNCTION("INDEX(FILTER($P12:$AL12, $P12:$AL12 <> """"), 3)"),"Strategic Career Management (A)") -> Strategic Career Management (A) | J12: =IFERROR(__xludf.DUMMYFUNCTION("IFERROR(INDEX(FILTER($P12:$AL12, $P12:$AL12 <> """"), 4),)"),"AI Applications in Marketing (B)") -> AI Applications in Marketing (B) | K12: =IFERROR(__xludf.DUMMYFUNCTION("IFERROR(INDEX(FILTER($P12:$AL12, $P12:$AL12 <> """"), 5),)"),"SPORTS ANALYTICS (B)") -> SPORTS ANALYTICS (B) | M12: Subject 12 | N12: Strategic HRM | P12: =IF(COUNTIF('Fintech-A'!$A:$A, $C12), P$1, "") | Q12: =IF(COUNTIF('Fintech-B'!$A:$A, $C12), Q$1, "") -> Fintech (Digital Transformation in Finance) (B) | R12: =IF(COUNTIF('BEDM-A'!$A:$A, $C12), R$1, "") | S12: =IF(COUNTIF('BEDM-B'!$A:$A, $C12), S$1, "") | T12: =IF(COUNTIF('Art-A'!$A:$A, $C12), T$1, "") | U12: =IF(COUNTIF('Art-B'!$A:$A, $C12), U$1, "") | V12: =IF(COUNTIF('WH-A'!$A:$A, $C12), V$1, "") | W12: =IF(COUNTIF('WH-B'!$A:$A, $C12), W$1, "") | X12: =IF(COUNTIF(LETV!$A:$A, $C12), X$1, "") | Y12: =IF(COUNTIF('Film&Firm-A'!$A:$A, $C12), Y$1, "") | Z12: =IF(COUNTIF('Film&Firm-B'!$A:$A, $C12), Z$1, "") -> Film & the Firm: Visual Culture in Business Contexts (B) | AA12: =IF(COUNTIF(SHRM!$A:$A, $C12), AA$1, "") | AB12: =IF(COUNTIF('SCM-A'!$A:$A, $C12), AB$1, "") -> Strategic Career Management (A) | AC12: =IF(COUNTIF('SCM-B'!$A:$A, $C12), AC$1, "") | AD12: =IF(COUNTIF(AIS!$A:$A, $C12), AD$1, "") | AE12: =IF(COUNTIF(EB!$A:$A, $C12), AE$1, "") | AF12: =IF(COUNTIF('AIAM-A'!$A:$A, $C12), AF$1, "") | AG12: =IF(COUNTIF('AIAM-B'!$A:$A, $C12), AG$1, "") -> AI Applications in Marketing (B) | AH12: =IF(COUNTIF('SA-A'!$A:$A, $C12), AH$1, "") | AI12: =IF(COUNTIF('SA-B'!$A:$A, $C12), AI$1, "") -> SPORTS ANALYTICS (B) | AJ12: =IF(COUNTIF(CSM!$A:$A, $C12), AJ$1, "") | AK12: =IF(COUNTIF(EM!$A:$A, $C12), AK$1, "") | AL12: =IF(COUNTIF(I4TS!$A:$A, $C12), AL$1, "")
A13: 12 | B13: A | C13: M014-24 | D13: Devangi Mohan Bhamare | E13: devangi.mohanbhamare24m@iimranchi.ac.in | F13: =COUNTA(G13:K13) -> 5 | G13: =IFERROR(__xludf.DUMMYFUNCTION("INDEX(FILTER($P13:$AL13, $P13:$AL13 <> """"), 1)"),"Behavioural Economics and Decision-Making (A)") -> Behavioural Economics and Decision-Making (A) | H13: =IFERROR(__xludf.DUMMYFUNCTION("INDEX(FILTER($P13:$AL13, $P13:$AL13 <> """"), 2)"),"Film & the Firm: Visual Culture in Business Contexts (B)") -> Film & the Firm: Visual Culture in Business Contexts (B) | I13: =IFERROR(__xludf.DUMMYFUNCTION("INDEX(FILTER($P13:$AL13, $P13:$AL13 <> """"), 3)"),"AI AND STRATEGY") -> AI AND STRATEGY | J13: =IFERROR(__xludf.DUMMYFUNCTION("IFERROR(INDEX(FILTER($P13:$AL13, $P13:$AL13 <> """"), 4),)"),"") | K13: =IFERROR(__xludf.DUMMYFUNCTION("IFERROR(INDEX(FILTER($P13:$AL13, $P13:$AL13 <> """"), 5),)"),"") | M13: Subject 13 | N13: Strategic Career Management (A) | P13: =IF(COUNTIF('Fintech-A'!$A:$A, $C13), P$1, "") | Q13: =IF(COUNTIF('Fintech-B'!$A:$A, $C13), Q$1, "") | R13: =IF(COUNTIF('BEDM-A'!$A:$A, $C13), R$1, "") -> Behavioural Economics and Decision-Making (A) | S13: =IF(COUNTIF('BEDM-B'!$A:$A, $C13), S$1, "") | T13: =IF(COUNTIF('Art-A'!$A:$A, $C13), T$1, "") | U13: =IF(COUNTIF('Art-B'!$A:$A, $C13), U$1, "") | V13: =IF(COUNTIF('WH-A'!$A:$A, $C13), V$1, "") | W13: =IF(COUNTIF('WH-B'!$A:$A, $C13), W$1, "") | X13: =IF(COUNTIF(LETV!$A:$A, $C13), X$1, "") | Y13: =IF(COUNTIF('Film&Firm-A'!$A:$A, $C13), Y$1, "") | Z13: =IF(COUNTIF('Film&Firm-B'!$A:$A, $C13), Z$1, "") -> Film & the Firm: Visual Culture in Business Contexts (B) | AA13: =IF(COUNTIF(SHRM!$A:$A, $C13), AA$1, "") | AB13: =IF(COUNTIF('SCM-A'!$A:$A, $C13), AB$1, "") | AC13: =IF(COUNTIF('SCM-B'!$A:$A, $C13), AC$1, "") | AD13: =IF(COUNTIF(AIS!$A:$A, $C13), AD$1, "") -> AI AND STRATEGY | AE13: =IF(COUNTIF(EB!$A:$A, $C13), AE$1, "") | AF13: =IF(COUNTIF('AIAM-A'!$A:$A, $C13), AF$1, "") | AG13: =IF(COUNTIF('AIAM-B'!$A:$A, $C13), AG$1, "") | AH13: =IF(COUNTIF('SA-A'!$A:$A, $C13), AH$1, "") | AI13: =IF(COUNTIF('SA-B'!$A:$A, $C13), AI$1, "") | AJ13: =IF(COUNTIF(CSM!$A:$A, $C13), AJ$1, "") | AK13: =IF(COUNTIF(EM!$A:$A, $C13), AK$1, "") | AL13: =IF(COUNTIF(I4TS!$A:$A, $C13), AL$1, "")
A14: 13 | B14: A | C14: M015-24 | D14: Dheeraj Kashyap | E14: dheeraj.kashyap24m@iimranchi.ac.in | F14: =COUNTA(G14:K14) -> 5 | G14: =IFERROR(__xludf.DUMMYFUNCTION("INDEX(FILTER($P14:$AL14, $P14:$AL14 <> """"), 1)"),"Fintech (Digital Transformation in Finance) (B)") -> Fintech (Digital Transformation in Finance) (B) | H14: =IFERROR(__xludf.DUMMYFUNCTION("INDEX(FILTER($P14:$AL14, $P14:$AL14 <> """"), 2)"),"Workplace Happiness: Science & Practice (B)") -> Workplace Happiness: Science & Practice (B) | I14: =IFERROR(__xludf.DUMMYFUNCTION("INDEX(FILTER($P14:$AL14, $P14:$AL14 <> """"), 3)"),"AI Applications in Marketing (A)") -> AI Applications in Marketing (A) | J14: =IFERROR(__xludf.DUMMYFUNCTION("IFERROR(INDEX(FILTER($P14:$AL14, $P14:$AL14 <> """"), 4),)"),"") | K14: =IFERROR(__xludf.DUMMYFUNCTION("IFERROR(INDEX(FILTER($P14:$AL14, $P14:$AL14 <> """"), 5),)"),"") | M14: Subject 14 | N14: Strategic Career Management (B) | P14: =IF(COUNTIF('Fintech-A'!$A:$A, $C14), P$1, "") | Q14: =IF(COUNTIF('Fintech-B'!$A:$A, $C14), Q$1, "") -> Fintech (Digital Transformation in Finance) (B) | R14: =IF(COUNTIF('BEDM-A'!$A:$A, $C14), R$1, "") | S14: =IF(COUNTIF('BEDM-B'!$A:$A, $C14), S$1, "") | T14: =IF(COUNTIF('Art-A'!$A:$A, $C14), T$1, "") | U14: =IF(COUNTIF('Art-B'!$A:$A, $C14), U$1, "") | V14: =IF(COUNTIF('WH-A'!$A:$A, $C14), V$1, "") | W14: =IF(COUNTIF('WH-B'!$A:$A, $C14), W$1, "") -> Workplace Happiness: Science & Practice (B) | X14: =IF(COUNTIF(LETV!$A:$A, $C14), X$1, "") | Y14: =IF(COUNTIF('Film&Firm-A'!$A:$A, $C14), Y$1, "") | Z14: =IF(COUNTIF('Film&Firm-B'!$A:$A, $C14), Z$1, "") | AA14: =IF(COUNTIF(SHRM!$A:$A, $C14), AA$1, "") | AB14: =IF(COUNTIF('SCM-A'!$A:$A, $C14), AB$1, "") | AC14: =IF(COUNTIF('SCM-B'!$A:$A, $C14), AC$1, "") | AD14: =IF(COUNTIF(AIS!$A:$A, $C14), AD$1, "") | AE14: =IF(COUNTIF(EB!$A:$A, $C14), AE$1, "") | AF14: =IF(COUNTIF('AIAM-A'!$A:$A, $C14), AF$1, "") -> AI Applications in Marketing (A) | AG14: =IF(COUNTIF('AIAM-B'!$A:$A, $C14), AG$1, "") | AH14: =IF(COUNTIF('SA-A'!$A:$A, $C14), AH$1, "") | AI14: =IF(COUNTIF('SA-B'!$A:$A, $C14), AI$1, "") | AJ14: =IF(COUNTIF(CSM!$A:$A, $C14), AJ$1, "") | AK14: =IF(COUNTIF(EM!$A:$A, $C14), AK$1, "") | AL14: =IF(COUNTIF(I4TS!$A:$A, $C14), AL$1, "")
A15: 14 | B15: A | C15: M016-24 | D15: Divyanshu Shekhar | E15: divyanshu.shekhar24m@iimranchi.ac.in | F15: =COUNTA(G15:K15) -> 5 | G15: =IFERROR(__xludf.DUMMYFUNCTION("INDEX(FILTER($P15:$AL15, $P15:$AL15 <> """"), 1)"),"Fintech (Digital Transformation in Finance) (B)") -> Fintech (Digital Transformation in Finance) (B) | H15: =IFERROR(__xludf.DUMMYFUNCTION("INDEX(FILTER($P15:$AL15, $P15:$AL15 <> """"), 2)"),"Workplace Happiness: Science & Practice (B)") -> Workplace Happiness: Science & Practice (B) | I15: =IFERROR(__xludf.DUMMYFUNCTION("INDEX(FILTER($P15:$AL15, $P15:$AL15 <> """"), 3)"),"Entrepreneurial Marketing") -> Entrepreneurial Marketing | J15: =IFERROR(__xludf.DUMMYFUNCTION("IFERROR(INDEX(FILTER($P15:$AL15, $P15:$AL15 <> """"), 4),)"),"") | K15: =IFERROR(__xludf.DUMMYFUNCTION("IFERROR(INDEX(FILTER($P15:$AL15, $P15:$AL15 <> """"), 5),)"),"") | M15: Subject 15 | N15: AI AND STRATEGY | P15: =IF(COUNTIF('Fintech-A'!$A:$A, $C15), P$1, "") | Q15: =IF(COUNTIF('Fintech-B'!$A:$A, $C15), Q$1, "") -> Fintech (Digital Transformation in Finance) (B) | R15: =IF(COUNTIF('BEDM-A'!$A:$A, $C15), R$1, "") | S15: =IF(COUNTIF('BEDM-B'!$A:$A, $C15), S$1, "") | T15: =IF(COUNTIF('Art-A'!$A:$A, $C15), T$1, "") | U15: =IF(COUNTIF('Art-B'!$A:$A, $C15), U$1, "") | V15: =IF(COUNTIF('WH-A'!$A:$A, $C15), V$1, "") | W15: =IF(COUNTIF('WH-B'!$A:$A, $C15), W$1, "") -> Workplace Happiness: Science & Practice (B) | X15: =IF(COUNTIF(LETV!$A:$A, $C15), X$1, "") | Y15: =IF(COUNTIF('Film&Firm-A'!$A:$A, $C15), Y$1, "") | Z15: =IF(COUNTIF('Film&Firm-B'!$A:$A, $C15), Z$1, "") | AA15: =IF(COUNTIF(SHRM!$A:$A, $C15), AA$1, "") | AB15: =IF(COUNTIF('SCM-A'!$A:$A, $C15), AB$1, "") | AC15: =IF(COUNTIF('SCM-B'!$A:$A, $C15), AC$1, "") | AD15: =IF(COUNTIF(AIS!$A:$A, $C15), AD$1, "") | AE15: =IF(COUNTIF(EB!$A:$A, $C15), AE$1, "") | AF15: =IF(COUNTIF('AIAM-A'!$A:$A, $C15), AF$1, "") | AG15: =IF(COUNTIF('AIAM-B'!$A:$A, $C15), AG$1, "") | AH15: =IF(COUNTIF('SA-A'!$A:$A, $C15), AH$1, "") | AI15: =IF(COUNTIF('SA-B'!$A:$A, $C15), AI$1, "") | AJ15: =IF(COUNTIF(CSM!$A:$A, $C15), AJ$1, "") | AK15: =IF(COUNTIF(EM!$A:$A, $C15), AK$1, "") -> Entrepreneurial Marketing | AL15: =IF(COUNTIF(I4TS!$A:$A, $C15), AL$1, "")
A16: 15 | B16: A | C16: M017-24 | D16: Isha Jaiswal | E16: isha.jaiswal24m@iimranchi.ac.in | F16: =COUNTA(G16:K16) -> 5 | G16: =IFERROR(__xludf.DUMMYFUNCTION("INDEX(FILTER($P16:$AL16, $P16:$AL16 <> """"), 1)"),"AI AND STRATEGY") -> AI AND STRATEGY | H16: =IFERROR(__xludf.DUMMYFUNCTION("INDEX(FILTER($P16:$AL16, $P16:$AL16 <> """"), 2)"),"Employer Branding") -> Employer Branding | I16: =IFERROR(__xludf.DUMMYFUNCTION("INDEX(FILTER($P16:$AL16, $P16:$AL16 <> """"), 3)"),"AI Applications in Marketing (B)") -> AI Applications in Marketing (B) | J16: =IFERROR(__xludf.DUMMYFUNCTION("IFERROR(INDEX(FILTER($P16:$AL16, $P16:$AL16 <> """"), 4),)"),"Customer Success Management") -> Customer Success Management | K16: =IFERROR(__xludf.DUMMYFUNCTION("IFERROR(INDEX(FILTER($P16:$AL16, $P16:$AL16 <> """"), 5),)"),"Industry 4.0 in Transport Sector") -> Industry 4.0 in Transport Sector | M16: Subject 16 | N16: Employer Branding | P16: =IF(COUNTIF('Fintech-A'!$A:$A, $C16), P$1, "") | Q16: =IF(COUNTIF('Fintech-B'!$A:$A, $C16), Q$1, "") | R16: =IF(COUNTIF('BEDM-A'!$A:$A, $C16), R$1, "") | S16: =IF(COUNTIF('BEDM-B'!$A:$A, $C16), S$1, "") | T16: =IF(COUNTIF('Art-A'!$A:$A, $C16), T$1, "") | U16: =IF(COUNTIF('Art-B'!$A:$A, $C16), U$1, "") | V16: =IF(COUNTIF('WH-A'!$A:$A, $C16), V$1, "") | W16: =IF(COUNTIF('WH-B'!$A:$A, $C16), W$1, "") | X16: =IF(COUNTIF(LETV!$A:$A, $C16), X$1, "") | Y16: =IF(COUNTIF('Film&Firm-A'!$A:$A, $C16), Y$1, "") | Z16: =IF(COUNTIF('Film&Firm-B'!$A:$A, $C16), Z$1, "") | AA16: =IF(COUNTIF(SHRM!$A:$A, $C16), AA$1, "") | AB16: =IF(COUNTIF('SCM-A'!$A:$A, $C16), AB$1, "") | AC16: =IF(COUNTIF('SCM-B'!$A:$A, $C16), AC$1, "") | AD16: =IF(COUNTIF(AIS!$A:$A, $C16), AD$1, "") -> AI AND STRATEGY | AE16: =IF(COUNTIF(EB!$A:$A, $C16), AE$1, "") -> Employer Branding | AF16: =IF(COUNTIF('AIAM-A'!$A:$A, $C16), AF$1, "") | AG16: =IF(COUNTIF('AIAM-B'!$A:$A, $C16), AG$1, "") -> AI Applications in Marketing (B) | AH16: =IF(COUNTIF('SA-A'!$A:$A, $C16), AH$1, "") | AI16: =IF(COUNTIF('SA-B'!$A:$A, $C16), AI$1, "") | AJ16: =IF(COUNTIF(CSM!$A:$A, $C16), AJ$1, "") -> Customer Success Management | AK16: =IF(COUNTIF(EM!$A:$A, $C16), AK$1, "") | AL16: =IF(COUNTIF(I4TS!$A:$A, $C16), AL$1, "") -> Industry 4.0 in Transport Sector
A17: 16 | B17: A | C17: M018-24 | D17: Ishan | E17: ishan.24m@iimranchi.ac.in | F17: =COUNTA(G17:K17) -> 5 | G17: =IFERROR(__xludf.DUMMYFUNCTION("INDEX(FILTER($P17:$AL17, $P17:$AL17 <> """"), 1)"),"Fintech (Digital Transformation in Finance) (B)") -> Fintech (Digital Transformation in Finance) (B) | H17: =IFERROR(__xludf.DUMMYFUNCTION("INDEX(FILTER($P17:$AL17, $P17:$AL17 <> """"), 2)"),"Behavioural Economics and Decision-Making (B)") -> Behavioural Economics and Decision-Making (B) | I17: =IFERROR(__xludf.DUMMYFUNCTION("INDEX(FILTER($P17:$AL17, $P17:$AL17 <> """"), 3)"),"AI Applications in Marketing (B)") -> AI Applications in Marketing (B) | J17: =IFERROR(__xludf.DUMMYFUNCTION("IFERROR(INDEX(FILTER($P17:$AL17, $P17:$AL17 <> """"), 4),)"),"") | K17: =IFERROR(__xludf.DUMMYFUNCTION("IFERROR(INDEX(FILTER($P17:$AL17, $P17:$AL17 <> """"), 5),)"),"") | M17: Subject 17 | N17: AI Applications in Marketing (A) | P17: =IF(COUNTIF('Fintech-A'!$A:$A, $C17), P$1, "") | Q17: =IF(COUNTIF('Fintech-B'!$A:$A, $C17), Q$1, "") -> Fintech (Digital Transformation in Finance) (B) | R17: =IF(COUNTIF('BEDM-A'!$A:$A, $C17), R$1, "") | S17: =IF(COUNTIF('BEDM-B'!$A:$A, $C17), S$1, "") -> Behavioural Economics and Decision-Making (B) | T17: =IF(COUNTIF('Art-A'!$A:$A, $C17), T$1, "") | U17: =IF(COUNTIF('Art-B'!$A:$A, $C17), U$1, "") | V17: =IF(COUNTIF('WH-A'!$A:$A, $C17), V$1, "") | W17: =IF(COUNTIF('WH-B'!$A:$A, $C17), W$1, "") | X17: =IF(COUNTIF(LETV!$A:$A, $C17), X$1, "") | Y17: =IF(COUNTIF('Film&Firm-A'!$A:$A, $C17), Y$1, "") | Z17: =IF(COUNTIF('Film&Firm-B'!$A:$A, $C17), Z$1, "") | AA17: =IF(COUNTIF(SHRM!$A:$A, $C17), AA$1, "") | AB17: =IF(COUNTIF('SCM-A'!$A:$A, $C17), AB$1, "") | AC17: =IF(COUNTIF('SCM-B'!$A:$A, $C17), AC$1, "") | AD17: =IF(COUNTIF(AIS!$A:$A, $C17), AD$1, "") | AE17: =IF(COUNTIF(EB!$A:$A, $C17), AE$1, "") | AF17: =IF(COUNTIF('AIAM-A'!$A:$A, $C17), AF$1, "") | AG17: =IF(COUNTIF('AIAM-B'!$A:$A, $C17), AG$1, "") -> AI Applications in Marketing (B) | AH17: =IF(COUNTIF('SA-A'!$A:$A, $C17), AH$1, "") | AI17: =IF(COUNTIF('SA-B'!$A:$A, $C17), AI$1, "") | AJ17: =IF(COUNTIF(CSM!$A:$A, $C17), AJ$1, "") | AK17: =IF(COUNTIF(EM!$A:$A, $C17), AK$1, "") | AL17: =IF(COUNTIF(I4TS!$A:$A, $C17), AL$1, "")
A18: 17 | B18: A | C18: M019-24 | D18: Jaivardhan S Chouhan | E18: jaivardhan.schouhan24m@iimranchi.ac.in | F18: =COUNTA(G18:K18) -> 5 | G18: =IFERROR(__xludf.DUMMYFUNCTION("INDEX(FILTER($P18:$AL18, $P18:$AL18 <> """"), 1)"),"Workplace Happiness: Science & Practice (A)") -> Workplace Happiness: Science & Practice (A) | H18: =IFERROR(__xludf.DUMMYFUNCTION("INDEX(FILTER($P18:$AL18, $P18:$AL18 <> """"), 2)"),"Leadership Excellence Through Values : Wisdom from the Mahabharata") -> Leadership Excellence Through Values : Wisdom from the Mahabharata | I18: =IFERROR(__xludf.DUMMYFUNCTION("INDEX(FILTER($P18:$AL18, $P18:$AL18 <> """"), 3)"),"Customer Success Management") -> Customer Success Management | J18: =IFERROR(__xludf.DUMMYFUNCTION("IFERROR(INDEX(FILTER($P18:$AL18, $P18:$AL18 <> """"), 4),)"),"") | K18: =IFERROR(__xludf.DUMMYFUNCTION("IFERROR(INDEX(FILTER($P18:$AL18, $P18:$AL18 <> """"), 5),)"),"") | M18: Subject 18 | N18: AI Applications in Marketing (B) | P18: =IF(COUNTIF('Fintech-A'!$A:$A, $C18), P$1, "") | Q18: =IF(COUNTIF('Fintech-B'!$A:$A, $C18), Q$1, "") | R18: =IF(COUNTIF('BEDM-A'!$A:$A, $C18), R$1, "") | S18: =IF(COUNTIF('BEDM-B'!$A:$A, $C18), S$1, "") | T18: =IF(COUNTIF('Art-A'!$A:$A, $C18), T$1, "") | U18: =IF(COUNTIF('Art-B'!$A:$A, $C18), U$1, "") | V18: =IF(COUNTIF('WH-A'!$A:$A, $C18), V$1, "") -> Workplace Happiness: Science & Practice (A) | W18: =IF(COUNTIF('WH-B'!$A:$A, $C18), W$1, "") | X18: =IF(COUNTIF(LETV!$A:$A, $C18), X$1, "") -> Leadership Excellence Through Values : Wisdom from the Mahabharata | Y18: =IF(COUNTIF('Film&Firm-A'!$A:$A, $C18), Y$1, "") | Z18: =IF(COUNTIF('Film&Firm-B'!$A:$A, $C18), Z$1, "") | AA18: =IF(COUNTIF(SHRM!$A:$A, $C18), AA$1, "") | AB18: =IF(COUNTIF('SCM-A'!$A:$A, $C18), AB$1, "") | AC18: =IF(COUNTIF('SCM-B'!$A:$A, $C18), AC$1, "") | AD18: =IF(COUNTIF(AIS!$A:$A, $C18), AD$1, "") | AE18: =IF(COUNTIF(EB!$A:$A, $C18), AE$1, "") | AF18: =IF(COUNTIF('AIAM-A'!$A:$A, $C18), AF$1, "") | AG18: =IF(COUNTIF('AIAM-B'!$A:$A, $C18), AG$1, "") | AH18: =IF(COUNTIF('SA-A'!$A:$A, $C18), AH$1, "") | AI18: =IF(COUNTIF('SA-B'!$A:$A, $C18), AI$1, "") | AJ18: =IF(COUNTIF(CSM!$A:$A, $C18), AJ$1, "") -> Customer Success Management | AK18: =IF(COUNTIF(EM!$A:$A, $C18), AK$1, "") | AL18: =IF(COUNTIF(I4TS!$A:$A, $C18), AL$1, "")
A19: 18 | B19: A | C19: M020-24 | D19: Jaskeerat Singh Khalsa | E19: jaskeerat.singhkhalsa24m@iimranchi.ac.in | F19: =COUNTA(G19:K19) -> 5 | G19: =IFERROR(__xludf.DUMMYFUNCTION("INDEX(FILTER($P19:$AL19, $P19:$AL19 <> """"), 1)"),"Behavioural Economics and Decision-Making (B)") -> Behavioural Economics and Decision-Making (B) | H19: =IFERROR(__xludf.DUMMYFUNCTION("INDEX(FILTER($P19:$AL19, $P19:$AL19 <> """"), 2)"),"AI Applications in Marketing (A)") -> AI Applications in Marketing (A) | I19: =IFERROR(__xludf.DUMMYFUNCTION("INDEX(FILTER($P19:$AL19, $P19:$AL19 <> """"), 3)"),"SPORTS ANALYTICS (A)") -> SPORTS ANALYTICS (A) | J19: =IFERROR(__xludf.DUMMYFUNCTION("IFERROR(INDEX(FILTER($P19:$AL19, $P19:$AL19 <> """"), 4),)"),"") | K19: =IFERROR(__xludf.DUMMYFUNCTION("IFERROR(INDEX(FILTER($P19:$AL19, $P19:$AL19 <> """"), 5),)"),"") | M19: Subject 19 | N19: SPORTS ANALYTICS (A) | P19: =IF(COUNTIF('Fintech-A'!$A:$A, $C19), P$1, "") | Q19: =IF(COUNTIF('Fintech-B'!$A:$A, $C19), Q$1, "") | R19: =IF(COUNTIF('BEDM-A'!$A:$A, $C19), R$1, "") | S19: =IF(COUNTIF('BEDM-B'!$A:$A, $C19), S$1, "") -> Behavioural Economics and Decision-Making (B) | T19: =IF(COUNTIF('Art-A'!$A:$A, $C19), T$1, "") | U19: =IF(COUNTIF('Art-B'!$A:$A, $C19), U$1, "") | V19: =IF(COUNTIF('WH-A'!$A:$A, $C19), V$1, "") | W19: =IF(COUNTIF('WH-B'!$A:$A, $C19), W$1, "") | X19: =IF(COUNTIF(LETV!$A:$A, $C19), X$1, "") | Y19: =IF(COUNTIF('Film&Firm-A'!$A:$A, $C19), Y$1, "") | Z19: =IF(COUNTIF('Film&Firm-B'!$A:$A, $C19), Z$1, "") | AA19: =IF(COUNTIF(SHRM!$A:$A, $C19), AA$1, "") | AB19: =IF(COUNTIF('SCM-A'!$A:$A, $C19), AB$1, "") | AC19: =IF(COUNTIF('SCM-B'!$A:$A, $C19), AC$1, "") | AD19: =IF(COUNTIF(AIS!$A:$A, $C19), AD$1, "") | AE19: =IF(COUNTIF(EB!$A:$A, $C19), AE$1, "") | AF19: =IF(COUNTIF('AIAM-A'!$A:$A, $C19), AF$1, "") -> AI Applications in Marketing (A) | AG19: =IF(COUNTIF('AIAM-B'!$A:$A, $C19), AG$1, "") | AH19: =IF(COUNTIF('SA-A'!$A:$A, $C19), AH$1, "") -> SPORTS ANALYTICS (A) | AI19: =IF(COUNTIF('SA-B'!$A:$A, $C19), AI$1, "") | AJ19: =IF(COUNTIF(CSM!$A:$A, $C19), AJ$1, "") | AK19: =IF(COUNTIF(EM!$A:$A, $C19), AK$1, "") | AL19: =IF(COUNTIF(I4TS!$A:$A, $C19), AL$1, "")
A20: 19 | B20: A | C20: M022-24 | D20: Kartik Kumar Jain | E20: kartik.kumarjain24m@iimranchi.ac.in | F20: =COUNTA(G20:K20) -> 5 | G20: =IFERROR(__xludf.DUMMYFUNCTION("INDEX(FILTER($P20:$AL20, $P20:$AL20 <> """"), 1)"),"The Art, Craft, and Science of Management: Learning through Classics and Best Collections (B)") -> The Art, Craft, and Science of Management: Learning through Classics and Best Collections (B) | H20: =IFERROR(__xludf.DUMMYFUNCTION("INDEX(FILTER($P20:$AL20, $P20:$AL20 <> """"), 2)"),"Film & the Firm: Visual Culture in Business Contexts (A)") -> Film & the Firm: Visual Culture in Business Contexts (A) | I20: =IFERROR(__xludf.DUMMYFUNCTION("INDEX(FILTER($P20:$AL20, $P20:$AL20 <> """"), 3)"),"AI Applications in Marketing (B)") -> AI Applications in Marketing (B) | J20: =IFERROR(__xludf.DUMMYFUNCTION("IFERROR(INDEX(FILTER($P20:$AL20, $P20:$AL20 <> """"), 4),)"),"") | K20: =IFERROR(__xludf.DUMMYFUNCTION("IFERROR(INDEX(FILTER($P20:$AL20, $P20:$AL20 <> """"), 5),)"),"") | M20: Subject 20 | N20: SPORTS ANALYTICS (B) | P20: =IF(COUNTIF('Fintech-A'!$A:$A, $C20), P$1, "") | Q20: =IF(COUNTIF('Fintech-B'!$A:$A, $C20), Q$1, "") | R20: =IF(COUNTIF('BEDM-A'!$A:$A, $C20), R$1, "") | S20: =IF(COUNTIF('BEDM-B'!$A:$A, $C20), S$1, "") | T20: =IF(COUNTIF('Art-A'!$A:$A, $C20), T$1, "") | U20: =IF(COUNTIF('Art-B'!$A:$A, $C20), U$1, "") -> The Art, Craft, and Science of Management: Learning through Classics and Best Collections (B) | V20: =IF(COUNTIF('WH-A'!$A:$A, $C20), V$1, "") | W20: =IF(COUNTIF('WH-B'!$A:$A, $C20), W$1, "") | X20: =IF(COUNTIF(LETV!$A:$A, $C20), X$1, "") | Y20: =IF(COUNTIF('Film&Firm-A'!$A:$A, $C20), Y$1, "") -> Film & the Firm: Visual Culture in Business Contexts (A) | Z20: =IF(COUNTIF('Film&Firm-B'!$A:$A, $C20), Z$1, "") | AA20: =IF(COUNTIF(SHRM!$A:$A, $C20), AA$1, "") | AB20: =IF(COUNTIF('SCM-A'!$A:$A, $C20), AB$1, "") | AC20: =IF(COUNTIF('SCM-B'!$A:$A, $C20), AC$1, "") | AD20: =IF(COUNTIF(AIS!$A:$A, $C20), AD$1, "") | AE20: =IF(COUNTIF(EB!$A:$A, $C20), AE$1, "") | AF20: =IF(COUNTIF('AIAM-A'!$A:$A, $C20), AF$1, "") | AG20: =IF(COUNTIF('AIAM-B'!$A:$A, $C20), AG$1, "") -> AI Applications in Marketing (B) | AH20: =IF(COUNTIF('SA-A'!$A:$A, $C20), AH$1, "") | AI20: =IF(COUNTIF('SA-B'!$A:$A, $C20), AI$1, "") | AJ20: =IF(COUNTIF(CSM!$A:$A, $C20), AJ$1, "") | AK20: =IF(COUNTIF(EM!$A:$A, $C20), AK$1, "") | AL20: =IF(COUNTIF(I4TS!$A:$A, $C20), AL$1, "")
A21: 20 | B21: A | C21: M023-24 | D21: Keya Sundeep Patel | E21: keya.sundeeppatel24m@iimranchi.ac.in | F21: =COUNTA(G21:K21) -> 5 | G21: =IFERROR(__xludf.DUMMYFUNCTION("INDEX(FILTER($P21:$AL21, $P21:$AL21 <> """"), 1)"),"Film & the Firm: Visual Culture in Business Contexts (A)") -> Film & the Firm: Visual Culture in Business Contexts (A) | H21: =IFERROR(__xludf.DUMMYFUNCTION("INDEX(FILTER($P21:$AL21, $P21:$AL21 <> """"), 2)"),"SPORTS ANALYTICS (B)") -> SPORTS ANALYTICS (B) | I21: =IFERROR(__xludf.DUMMYFUNCTION("INDEX(FILTER($P21:$AL21, $P21:$AL21 <> """"), 3)"),"Customer Success Management") -> Customer Success Management | J21: =IFERROR(__xludf.DUMMYFUNCTION("IFERROR(INDEX(FILTER($P21:$AL21, $P21:$AL21 <> """"), 4),)"),"") | K21: =IFERROR(__xludf.DUMMYFUNCTION("IFERROR(INDEX(FILTER($P21:$AL21, $P21:$AL21 <> """"), 5),)"),"") | M21: Subject 21 | N21: Customer Success Management | P21: =IF(COUNTIF('Fintech-A'!$A:$A, $C21), P$1, "") | Q21: =IF(COUNTIF('Fintech-B'!$A:$A, $C21), Q$1, "") | R21: =IF(COUNTIF('BEDM-A'!$A:$A, $C21), R$1, "") | S21: =IF(COUNTIF('BEDM-B'!$A:$A, $C21), S$1, "") | T21: =IF(COUNTIF('Art-A'!$A:$A, $C21), T$1, "") | U21: =IF(COUNTIF('Art-B'!$A:$A, $C21), U$1, "") | V21: =IF(COUNTIF('WH-A'!$A:$A, $C21), V$1, "") | W21: =IF(COUNTIF('WH-B'!$A:$A, $C21), W$1, "") | X21: =IF(COUNTIF(LETV!$A:$A, $C21), X$1, "") | Y21: =IF(COUNTIF('Film&Firm-A'!$A:$A, $C21), Y$1, "") -> Film & the Firm: Visual Culture in Business Contexts (A) | Z21: =IF(COUNTIF('Film&Firm-B'!$A:$A, $C21), Z$1, "") | AA21: =IF(COUNTIF(SHRM!$A:$A, $C21), AA$1, "") | AB21: =IF(COUNTIF('SCM-A'!$A:$A, $C21), AB$1, "") | AC21: =IF(COUNTIF('SCM-B'!$A:$A, $C21), AC$1, "") | AD21: =IF(COUNTIF(AIS!$A:$A, $C21), AD$1, "") | AE21: =IF(COUNTIF(EB!$A:$A, $C21), AE$1, "") | AF21: =IF(COUNTIF('AIAM-A'!$A:$A, $C21), AF$1, "") | AG21: =IF(COUNTIF('AIAM-B'!$A:$A, $C21), AG$1, "") | AH21: =IF(COUNTIF('SA-A'!$A:$A, $C21), AH$1, "") | AI21: =IF(COUNTIF('SA-B'!$A:$A, $C21), AI$1, "") -> SPORTS ANALYTICS (B) | AJ21: =IF(COUNTIF(CSM!$A:$A, $C21), AJ$1, "") -> Customer Success Management | AK21: =IF(COUNTIF(EM!$A:$A, $C21), AK$1, "") | AL21: =IF(COUNTIF(I4TS!$A:$A, $C21), AL$1, "")
A22: 21 | B22: A | C22: M024-24 | D22: Khushi Munka | E22: khushi.munka24m@iimranchi.ac.in | F22: =COUNTA(G22:K22) -> 5 | G22: =IFERROR(__xludf.DUMMYFUNCTION("INDEX(FILTER($P22:$AL22, $P22:$AL22 <> """"), 1)"),"Behavioural Economics and Decision-Making (A)") -> Behavioural Economics and Decision-Making (A) | H22: =IFERROR(__xludf.DUMMYFUNCTION("INDEX(FILTER($P22:$AL22, $P22:$AL22 <> """"), 2)"),"Film & the Firm: Visual Culture in Business Contexts (B)") -> Film & the Firm: Visual Culture in Business Contexts (B) | I22: =IFERROR(__xludf.DUMMYFUNCTION("INDEX(FILTER($P22:$AL22, $P22:$AL22 <> """"), 3)"),"AI AND STRATEGY") -> AI AND STRATEGY | J22: =IFERROR(__xludf.DUMMYFUNCTION("IFERROR(INDEX(FILTER($P22:$AL22, $P22:$AL22 <> """"), 4),)"),"") | K22: =IFERROR(__xludf.DUMMYFUNCTION("IFERROR(INDEX(FILTER($P22:$AL22, $P22:$AL22 <> """"), 5),)"),"") | M22: Subject 22 | N22: Entrepreneurial Marketing | P22: =IF(COUNTIF('Fintech-A'!$A:$A, $C22), P$1, "") | Q22: =IF(COUNTIF('Fintech-B'!$A:$A, $C22), Q$1, "") | R22: =IF(COUNTIF('BEDM-A'!$A:$A, $C22), R$1, "") -> Behavioural Economics and Decision-Making (A) | S22: =IF(COUNTIF('BEDM-B'!$A:$A, $C22), S$1, "") | T22: =IF(COUNTIF('Art-A'!$A:$A, $C22), T$1, "") | U22: =IF(COUNTIF('Art-B'!$A:$A, $C22), U$1, "") | V22: =IF(COUNTIF('WH-A'!$A:$A, $C22), V$1, "") | W22: =IF(COUNTIF('WH-B'!$A:$A, $C22), W$1, "") | X22: =IF(COUNTIF(LETV!$A:$A, $C22), X$1, "") | Y22: =IF(COUNTIF('Film&Firm-A'!$A:$A, $C22), Y$1, "") | Z22: =IF(COUNTIF('Film&Firm-B'!$A:$A, $C22), Z$1, "") -> Film & the Firm: Visual Culture in Business Contexts (B) | AA22: =IF(COUNTIF(SHRM!$A:$A, $C22), AA$1, "") | AB22: =IF(COUNTIF('SCM-A'!$A:$A, $C22), AB$1, "") | AC22: =IF(COUNTIF('SCM-B'!$A:$A, $C22), AC$1, "") | AD22: =IF(COUNTIF(AIS!$A:$A, $C22), AD$1, "") -> AI AND STRATEGY | AE22: =IF(COUNTIF(EB!$A:$A, $C22), AE$1, "") | AF22: =IF(COUNTIF('AIAM-A'!$A:$A, $C22), AF$1, "") | AG22: =IF(COUNTIF('AIAM-B'!$A:$A, $C22), AG$1, "") | AH22: =IF(COUNTIF('SA-A'!$A:$A, $C22), AH$1, "") | AI22: =IF(COUNTIF('SA-B'!$A:$A, $C22), AI$1, "") | AJ22: =IF(COUNTIF(CSM!$A:$A, $C22), AJ$1, "") | AK22: =IF(COUNTIF(EM!$A:$A, $C22), AK$1, "") | AL22: =IF(COUNTIF(I4TS!$A:$A, $C22), AL$1, "")
A23: 22 | B23: A | C23: M025-24 | D23: Maanik Goyal | E23: maanik.goyal24m@iimranchi.ac.in | F23: =COUNTA(G23:K23) -> 5 | G23: =IFERROR(__xludf.DUMMYFUNCTION("INDEX(FILTER($P23:$AL23, $P23:$AL23 <> """"), 1)"),"Film & the Firm: Visual Culture in Business Contexts (A)") -> Film & the Firm: Visual Culture in Business Contexts (A) | H23: =IFERROR(__xludf.DUMMYFUNCTION("INDEX(FILTER($P23:$AL23, $P23:$AL23 <> """"), 2)"),"SPORTS ANALYTICS (B)") -> SPORTS ANALYTICS (B) | I23: =IFERROR(__xludf.DUMMYFUNCTION("INDEX(FILTER($P23:$AL23, $P23:$AL23 <> """"), 3)"),"Industry 4.0 in Transport Sector") -> Industry 4.0 in Transport Sector | J23: =IFERROR(__xludf.DUMMYFUNCTION("IFERROR(INDEX(FILTER($P23:$AL23, $P23:$AL23 <> """"), 4),)"),"") | K23: =IFERROR(__xludf.DUMMYFUNCTION("IFERROR(INDEX(FILTER($P23:$AL23, $P23:$AL23 <> """"), 5),)"),"") | M23: Subject 23 | N23: Industry 4.0 in Transport Sector | P23: =IF(COUNTIF('Fintech-A'!$A:$A, $C23), P$1, "") | Q23: =IF(COUNTIF('Fintech-B'!$A:$A, $C23), Q$1, "") | R23: =IF(COUNTIF('BEDM-A'!$A:$A, $C23), R$1, "") | S23: =IF(COUNTIF('BEDM-B'!$A:$A, $C23), S$1, "") | T23: =IF(COUNTIF('Art-A'!$A:$A, $C23), T$1, "") | U23: =IF(COUNTIF('Art-B'!$A:$A, $C23), U$1, "") | V23: =IF(COUNTIF('WH-A'!$A:$A, $C23), V$1, "") | W23: =IF(COUNTIF('WH-B'!$A:$A, $C23), W$1, "") | X23: =IF(COUNTIF(LETV!$A:$A, $C23), X$1, "") | Y23: =IF(COUNTIF('Film&Firm-A'!$A:$A, $C23), Y$1, "") -> Film & the Firm: Visual Culture in Business Contexts (A) | Z23: =IF(COUNTIF('Film&Firm-B'!$A:$A, $C23), Z$1, "") | AA23: =IF(COUNTIF(SHRM!$A:$A, $C23), AA$1, "") | AB23: =IF(COUNTIF('SCM-A'!$A:$A, $C23), AB$1, "") | AC23: =IF(COUNTIF('SCM-B'!$A:$A, $C23), AC$1, "") | AD23: =IF(COUNTIF(AIS!$A:$A, $C23), AD$1, "") | AE23: =IF(COUNTIF(EB!$A:$A, $C23), AE$1, "") | AF23: =IF(COUNTIF('AIAM-A'!$A:$A, $C23), AF$1, "") | AG23: =IF(COUNTIF('AIAM-B'!$A:$A, $C23), AG$1, "") | AH23: =IF(COUNTIF('SA-A'!$A:$A, $C23), AH$1, "") | AI23: =IF(COUNTIF('SA-B'!$A:$A, $C23), AI$1, "") -> SPORTS ANALYTICS (B) | AJ23: =IF(COUNTIF(CSM!$A:$A, $C23), AJ$1, "") | AK23: =IF(COUNTIF(EM!$A:$A, $C23), AK$1, "") | AL23: =IF(COUNTIF(I4TS!$A:$A, $C23), AL$1, "") -> Industry 4.0 in Transport Sector
A24: 23 | B24: A | C24: M026-24 | D24: Madem Guru Praveen Reddy | E24: madem.gurupraveenreddy24m@iimranchi.ac.in | F24: =COUNTA(G24:K24) -> 5 | G24: =IFERROR(__xludf.DUMMYFUNCTION("INDEX(FILTER($P24:$AL24, $P24:$AL24 <> """"), 1)"),"The Art, Craft, and Science of Management: Learning through Classics and Best Collections (A)") -> The Art, Craft, and Science of Management: Learning through Classics and Best Collections (A) | H24: =IFERROR(__xludf.DUMMYFUNCTION("INDEX(FILTER($P24:$AL24, $P24:$AL24 <> """"), 2)"),"AI AND STRATEGY") -> AI AND STRATEGY | I24: =IFERROR(__xludf.DUMMYFUNCTION("INDEX(FILTER($P24:$AL24, $P24:$AL24 <> """"), 3)"),"Industry 4.0 in Transport Sector") -> Industry 4.0 in Transport Sector | J24: =IFERROR(__xludf.DUMMYFUNCTION("IFERROR(INDEX(FILTER($P24:$AL24, $P24:$AL24 <> """"), 4),)"),"") | K24: =IFERROR(__xludf.DUMMYFUNCTION("IFERROR(INDEX(FILTER($P24:$AL24, $P24:$AL24 <> """"), 5),)"),"") | P24: =IF(COUNTIF('Fintech-A'!$A:$A, $C24), P$1, "") | Q24: =IF(COUNTIF('Fintech-B'!$A:$A, $C24), Q$1, "") | R24: =IF(COUNTIF('BEDM-A'!$A:$A, $C24), R$1, "") | S24: =IF(COUNTIF('BEDM-B'!$A:$A, $C24), S$1, "") | T24: =IF(COUNTIF('Art-A'!$A:$A, $C24), T$1, "") -> The Art, Craft, and Science of Management: Learning through Classics and Best Collections (A) | U24: =IF(COUNTIF('Art-B'!$A:$A, $C24), U$1, "") | V24: =IF(COUNTIF('WH-A'!$A:$A, $C24), V$1, "") | W24: =IF(COUNTIF('WH-B'!$A:$A, $C24), W$1, "") | X24: =IF(COUNTIF(LETV!$A:$A, $C24), X$1, "") | Y24: =IF(COUNTIF('Film&Firm-A'!$A:$A, $C24), Y$1, "") | Z24: =IF(COUNTIF('Film&Firm-B'!$A:$A, $C24), Z$1, "") | AA24: =IF(COUNTIF(SHRM!$A:$A, $C24), AA$1, "") | AB24: =IF(COUNTIF('SCM-A'!$A:$A, $C24), AB$1, "") | AC24: =IF(COUNTIF('SCM-B'!$A:$A, $C24), AC$1, "") | AD24: =IF(COUNTIF(AIS!$A:$A, $C24), AD$1, "") -> AI AND STRATEGY | AE24: =IF(COUNTIF(EB!$A:$A, $C24), AE$1, "") | AF24: =IF(COUNTIF('AIAM-A'!$A:$A, $C24), AF$1, "") | AG24: =IF(COUNTIF('AIAM-B'!$A:$A, $C24), AG$1, "") | AH24: =IF(COUNTIF('SA-A'!$A:$A, $C24), AH$1, "") | AI24: =IF(COUNTIF('SA-B'!$A:$A, $C24), AI$1, "") | AJ24: =IF(COUNTIF(CSM!$A:$A, $C24), AJ$1, "") | AK24: =IF(COUNTIF(EM!$A:$A, $C24), AK$1, "") | AL24: =IF(COUNTIF(I4TS!$A:$A, $C24), AL$1, "") -> Industry 4.0 in Transport Sector
A25: 24 | B25: A | C25: M027-24 | D25: Mainak Bin | E25: mainak.bin24m@iimranchi.ac.in | F25: =COUNTA(G25:K25) -> 5 | G25: =IFERROR(__xludf.DUMMYFUNCTION("INDEX(FILTER($P25:$AL25, $P25:$AL25 <> """"), 1)"),"AI AND STRATEGY") -> AI AND STRATEGY | H25: =IFERROR(__xludf.DUMMYFUNCTION("INDEX(FILTER($P25:$AL25, $P25:$AL25 <> """"), 2)"),"SPORTS ANALYTICS (A)") -> SPORTS ANALYTICS (A) | I25: =IFERROR(__xludf.DUMMYFUNCTION("INDEX(FILTER($P25:$AL25, $P25:$AL25 <> """"), 3)"),"Industry 4.0 in Transport Sector") -> Industry 4.0 in Transport Sector | J25: =IFERROR(__xludf.DUMMYFUNCTION("IFERROR(INDEX(FILTER($P25:$AL25, $P25:$AL25 <> """"), 4),)"),"") | K25: =IFERROR(__xludf.DUMMYFUNCTION("IFERROR(INDEX(FILTER($P25:$AL25, $P25:$AL25 <> """"), 5),)"),"") | P25: =IF(COUNTIF('Fintech-A'!$A:$A, $C25), P$1, "") | Q25: =IF(COUNTIF('Fintech-B'!$A:$A, $C25), Q$1, "") | R25: =IF(COUNTIF('BEDM-A'!$A:$A, $C25), R$1, "") | S25: =IF(COUNTIF('BEDM-B'!$A:$A, $C25), S$1, "") | T25: =IF(COUNTIF('Art-A'!$A:$A, $C25), T$1, "") | U25: =IF(COUNTIF('Art-B'!$A:$A, $C25), U$1, "") | V25: =IF(COUNTIF('WH-A'!$A:$A, $C25), V$1, "") | W25: =IF(COUNTIF('WH-B'!$A:$A, $C25), W$1, "") | X25: =IF(COUNTIF(LETV!$A:$A, $C25), X$1, "") | Y25: =IF(COUNTIF('Film&Firm-A'!$A:$A, $C25), Y$1, "") | Z25: =IF(COUNTIF('Film&Firm-B'!$A:$A, $C25), Z$1, "") | AA25: =IF(COUNTIF(SHRM!$A:$A, $C25), AA$1, "") | AB25: =IF(COUNTIF('SCM-A'!$A:$A, $C25), AB$1, "") | AC25: =IF(COUNTIF('SCM-B'!$A:$A, $C25), AC$1, "") | AD25: =IF(COUNTIF(AIS!$A:$A, $C25), AD$1, "") -> AI AND STRATEGY | AE25: =IF(COUNTIF(EB!$A:$A, $C25), AE$1, "") | AF25: =IF(COUNTIF('AIAM-A'!$A:$A, $C25), AF$1, "") | AG25: =IF(COUNTIF('AIAM-B'!$A:$A, $C25), AG$1, "") | AH25: =IF(COUNTIF('SA-A'!$A:$A, $C25), AH$1, "") -> SPORTS ANALYTICS (A) | AI25: =IF(COUNTIF('SA-B'!$A:$A, $C25), AI$1, "") | AJ25: =IF(COUNTIF(CSM!$A:$A, $C25), AJ$1, "") | AK25: =IF(COUNTIF(EM!$A:$A, $C25), AK$1, "") | AL25: =IF(COUNTIF(I4TS!$A:$A, $C25), AL$1, "") -> Industry 4.0 in Transport Sector
A26: 25 | B26: A | C26: M029-24 | D26: Minakshi Mawari | E26: minakshi.mawari24m@iimranchi.ac.in | F26: =COUNTA(G26:K26) -> 5 | G26: =IFERROR(__xludf.DUMMYFUNCTION("INDEX(FILTER($P26:$AL26, $P26:$AL26 <> """"), 1)"),"Behavioural Economics and Decision-Making (B)") -> Behavioural Economics and Decision-Making (B) | H26: =IFERROR(__xludf.DUMMYFUNCTION("INDEX(FILTER($P26:$AL26, $P26:$AL26 <> """"), 2)"),"AI Applications in Marketing (A)") -> AI Applications in Marketing (A) | I26: =IFERROR(__xludf.DUMMYFUNCTION("INDEX(FILTER($P26:$AL26, $P26:$AL26 <> """"), 3)"),"SPORTS ANALYTICS (A)") -> SPORTS ANALYTICS (A) | J26: =IFERROR(__xludf.DUMMYFUNCTION("IFERROR(INDEX(FILTER($P26:$AL26, $P26:$AL26 <> """"), 4),)"),"") | K26: =IFERROR(__xludf.DUMMYFUNCTION("IFERROR(INDEX(FILTER($P26:$AL26, $P26:$AL26 <> """"), 5),)"),"") | P26: =IF(COUNTIF('Fintech-A'!$A:$A, $C26), P$1, "") | Q26: =IF(COUNTIF('Fintech-B'!$A:$A, $C26), Q$1, "") | R26: =IF(COUNTIF('BEDM-A'!$A:$A, $C26), R$1, "") | S26: =IF(COUNTIF('BEDM-B'!$A:$A, $C26), S$1, "") -> Behavioural Economics and Decision-Making (B) | T26: =IF(COUNTIF('Art-A'!$A:$A, $C26), T$1, "") | U26: =IF(COUNTIF('Art-B'!$A:$A, $C26), U$1, "") | V26: =IF(COUNTIF('WH-A'!$A:$A, $C26), V$1, "") | W26: =IF(COUNTIF('WH-B'!$A:$A, $C26), W$1, "") | X26: =IF(COUNTIF(LETV!$A:$A, $C26), X$1, "") | Y26: =IF(COUNTIF('Film&Firm-A'!$A:$A, $C26), Y$1, "") | Z26: =IF(COUNTIF('Film&Firm-B'!$A:$A, $C26), Z$1, "") | AA26: =IF(COUNTIF(SHRM!$A:$A, $C26), AA$1, "") | AB26: =IF(COUNTIF('SCM-A'!$A:$A, $C26), AB$1, "") | AC26: =IF(COUNTIF('SCM-B'!$A:$A, $C26), AC$1, "") | AD26: =IF(COUNTIF(AIS!$A:$A, $C26), AD$1, "") | AE26: =IF(COUNTIF(EB!$A:$A, $C26), AE$1, "") | AF26: =IF(COUNTIF('AIAM-A'!$A:$A, $C26), AF$1, "") -> AI Applications in Marketing (A) | AG26: =IF(COUNTIF('AIAM-B'!$A:$A, $C26), AG$1, "") | AH26: =IF(COUNTIF('SA-A'!$A:$A, $C26), AH$1, "") -> SPORTS ANALYTICS (A) | AI26: =IF(COUNTIF('SA-B'!$A:$A, $C26), AI$1, "") | AJ26: =IF(COUNTIF(CSM!$A:$A, $C26), AJ$1, "") | AK26: =IF(COUNTIF(EM!$A:$A, $C26), AK$1, "") | AL26: =IF(COUNTIF(I4TS!$A:$A, $C26), AL$1, "")
A27: 26 | B27: A | C27: M030-24 | D27: Mohit P R | E27: mohit.pr24m@iimranchi.ac.in | F27: =COUNTA(G27:K27) -> 5 | G27: =IFERROR(__xludf.DUMMYFUNCTION("INDEX(FILTER($P27:$AL27, $P27:$AL27 <> """"), 1)"),"Fintech (Digital Transformation in Finance) (A)") -> Fintech (Digital Transformation in Finance) (A) | H27: =IFERROR(__xludf.DUMMYFUNCTION("INDEX(FILTER($P27:$AL27, $P27:$AL27 <> """"), 2)"),"Film & the Firm: Visual Culture in Business Contexts (A)") -> Film & the Firm: Visual Culture in Business Contexts (A) | I27: =IFERROR(__xludf.DUMMYFUNCTION("INDEX(FILTER($P27:$AL27, $P27:$AL27 <> """"), 3)"),"AI Applications in Marketing (B)") -> AI Applications in Marketing (B) | J27: =IFERROR(__xludf.DUMMYFUNCTION("IFERROR(INDEX(FILTER($P27:$AL27, $P27:$AL27 <> """"), 4),)"),"") | K27: =IFERROR(__xludf.DUMMYFUNCTION("IFERROR(INDEX(FILTER($P27:$AL27, $P27:$AL27 <> """"), 5),)"),"") | P27: =IF(COUNTIF('Fintech-A'!$A:$A, $C27), P$1, "") -> Fintech (Digital Transformation in Finance) (A) | Q27: =IF(COUNTIF('Fintech-B'!$A:$A, $C27), Q$1, "") | R27: =IF(COUNTIF('BEDM-A'!$A:$A, $C27), R$1, "") | S27: =IF(COUNTIF('BEDM-B'!$A:$A, $C27), S$1, "") | T27: =IF(COUNTIF('Art-A'!$A:$A, $C27), T$1, "") | U27: =IF(COUNTIF('Art-B'!$A:$A, $C27), U$1, "") | V27: =IF(COUNTIF('WH-A'!$A:$A, $C27), V$1, "") | W27: =IF(COUNTIF('WH-B'!$A:$A, $C27), W$1, "") | X27: =IF(COUNTIF(LETV!$A:$A, $C27), X$1, "") | Y27: =IF(COUNTIF('Film&Firm-A'!$A:$A, $C27), Y$1, "") -> Film & the Firm: Visual Culture in Business Contexts (A) | Z27: =IF(COUNTIF('Film&Firm-B'!$A:$A, $C27), Z$1, "") | AA27: =IF(COUNTIF(SHRM!$A:$A, $C27), AA$1, "") | AB27: =IF(COUNTIF('SCM-A'!$A:$A, $C27), AB$1, "") | AC27: =IF(COUNTIF('SCM-B'!$A:$A, $C27), AC$1, "") | AD27: =IF(COUNTIF(AIS!$A:$A, $C27), AD$1, "") | AE27: =IF(COUNTIF(EB!$A:$A, $C27), AE$1, "") | AF27: =IF(COUNTIF('AIAM-A'!$A:$A, $C27), AF$1, "") | AG27: =IF(COUNTIF('AIAM-B'!$A:$A, $C27), AG$1, "") -> AI Applications in Marketing (B) | AH27: =IF(COUNTIF('SA-A'!$A:$A, $C27), AH$1, "") | AI27: =IF(COUNTIF('SA-B'!$A:$A, $C27), AI$1, "") | AJ27: =IF(COUNTIF(CSM!$A:$A, $C27), AJ$1, "") | AK27: =IF(COUNTIF(EM!$A:$A, $C27), AK$1, "") | AL27: =IF(COUNTIF(I4TS!$A:$A, $C27), AL$1, "")
A28: 27 | B28: A | C28: M031-24 | D28: Morajker Manthaj Ramdas | E28: morajker.manthajramdas24m@iimranchi.ac.in | F28: =COUNTA(G28:K28) -> 5 | G28: =IFERROR(__xludf.DUMMYFUNCTION("INDEX(FILTER($P28:$AL28, $P28:$AL28 <> """"), 1)"),"AI Applications in Marketing (B)") -> AI Applications in Marketing (B) | H28: =IFERROR(__xludf.DUMMYFUNCTION("INDEX(FILTER($P28:$AL28, $P28:$AL28 <> """"), 2)"),"SPORTS ANALYTICS (B)") -> SPORTS ANALYTICS (B) | I28: =IFERROR(__xludf.DUMMYFUNCTION("INDEX(FILTER($P28:$AL28, $P28:$AL28 <> """"), 3)"),"Industry 4.0 in Transport Sector") -> Industry 4.0 in Transport Sector | J28: =IFERROR(__xludf.DUMMYFUNCTION("IFERROR(INDEX(FILTER($P28:$AL28, $P28:$AL28 <> """"), 4),)"),"") | K28: =IFERROR(__xludf.DUMMYFUNCTION("IFERROR(INDEX(FILTER($P28:$AL28, $P28:$AL28 <> """"), 5),)"),"") | P28: =IF(COUNTIF('Fintech-A'!$A:$A, $C28), P$1, "") | Q28: =IF(COUNTIF('Fintech-B'!$A:$A, $C28), Q$1, "") | R28: =IF(COUNTIF('BEDM-A'!$A:$A, $C28), R$1, "") | S28: =IF(COUNTIF('BEDM-B'!$A:$A, $C28), S$1, "") | T28: =IF(COUNTIF('Art-A'!$A:$A, $C28), T$1, "") | U28: =IF(COUNTIF('Art-B'!$A:$A, $C28), U$1, "") | V28: =IF(COUNTIF('WH-A'!$A:$A, $C28), V$1, "") | W28: =IF(COUNTIF('WH-B'!$A:$A, $C28), W$1, "") | X28: =IF(COUNTIF(LETV!$A:$A, $C28), X$1, "") | Y28: =IF(COUNTIF('Film&Firm-A'!$A:$A, $C28), Y$1, "") | Z28: =IF(COUNTIF('Film&Firm-B'!$A:$A, $C28), Z$1, "") | AA28: =IF(COUNTIF(SHRM!$A:$A, $C28), AA$1, "") | AB28: =IF(COUNTIF('SCM-A'!$A:$A, $C28), AB$1, "") | AC28: =IF(COUNTIF('SCM-B'!$A:$A, $C28), AC$1, "") | AD28: =IF(COUNTIF(AIS!$A:$A, $C28), AD$1, "") | AE28: =IF(COUNTIF(EB!$A:$A, $C28), AE$1, "") | AF28: =IF(COUNTIF('AIAM-A'!$A:$A, $C28), AF$1, "") | AG28: =IF(COUNTIF('AIAM-B'!$A:$A, $C28), AG$1, "") -> AI Applications in Marketing (B) | AH28: =IF(COUNTIF('SA-A'!$A:$A, $C28), AH$1, "") | AI28: =IF(COUNTIF('SA-B'!$A:$A, $C28), AI$1, "") -> SPORTS ANALYTICS (B) | AJ28: =IF(COUNTIF(CSM!$A:$A, $C28), AJ$1, "") | AK28: =IF(COUNTIF(EM!$A:$A, $C28), AK$1, "") | AL28: =IF(COUNTIF(I4TS!$A:$A, $C28), AL$1, "") -> Industry 4.0 in Transport Sector
A29: 28 | B29: A | C29: M032-24 | D29: Nalin Suriya S | E29: nalin.suriyas24m@iimranchi.ac.in | F29: =COUNTA(G29:K29) -> 5 | G29: =IFERROR(__xludf.DUMMYFUNCTION("INDEX(FILTER($P29:$AL29, $P29:$AL29 <> """"), 1)"),"Behavioural Economics and Decision-Making (B)") -> Behavioural Economics and Decision-Making (B) | H29: =IFERROR(__xludf.DUMMYFUNCTION("INDEX(FILTER($P29:$AL29, $P29:$AL29 <> """"), 2)"),"Film & the Firm: Visual Culture in Business Contexts (A)") -> Film & the Firm: Visual Culture in Business Contexts (A) | I29: =IFERROR(__xludf.DUMMYFUNCTION("INDEX(FILTER($P29:$AL29, $P29:$AL29 <> """"), 3)"),"SPORTS ANALYTICS (A)") -> SPORTS ANALYTICS (A) | J29: =IFERROR(__xludf.DUMMYFUNCTION("IFERROR(INDEX(FILTER($P29:$AL29, $P29:$AL29 <> """"), 4),)"),"") | K29: =IFERROR(__xludf.DUMMYFUNCTION("IFERROR(INDEX(FILTER($P29:$AL29, $P29:$AL29 <> """"), 5),)"),"") | P29: =IF(COUNTIF('Fintech-A'!$A:$A, $C29), P$1, "") | Q29: =IF(COUNTIF('Fintech-B'!$A:$A, $C29), Q$1, "") | R29: =IF(COUNTIF('BEDM-A'!$A:$A, $C29), R$1, "") | S29: =IF(COUNTIF('BEDM-B'!$A:$A, $C29), S$1, "") -> Behavioural Economics and Decision-Making (B) | T29: =IF(COUNTIF('Art-A'!$A:$A, $C29), T$1, "") | U29: =IF(COUNTIF('Art-B'!$A:$A, $C29), U$1, "") | V29: =IF(COUNTIF('WH-A'!$A:$A, $C29), V$1, "") | W29: =IF(COUNTIF('WH-B'!$A:$A, $C29), W$1, "") | X29: =IF(COUNTIF(LETV!$A:$A, $C29), X$1, "") | Y29: =IF(COUNTIF('Film&Firm-A'!$A:$A, $C29), Y$1, "") -> Film & the Firm: Visual Culture in Business Contexts (A) | Z29: =IF(COUNTIF('Film&Firm-B'!$A:$A, $C29), Z$1, "") | AA29: =IF(COUNTIF(SHRM!$A:$A, $C29), AA$1, "") | AB29: =IF(COUNTIF('SCM-A'!$A:$A, $C29), AB$1, "") | AC29: =IF(COUNTIF('SCM-B'!$A:$A, $C29), AC$1, "") | AD29: =IF(COUNTIF(AIS!$A:$A, $C29), AD$1, "") | AE29: =IF(COUNTIF(EB!$A:$A, $C29), AE$1, "") | AF29: =IF(COUNTIF('AIAM-A'!$A:$A, $C29), AF$1, "") | AG29: =IF(COUNTIF('AIAM-B'!$A:$A, $C29), AG$1, "") | AH29: =IF(COUNTIF('SA-A'!$A:$A, $C29), AH$1, "") -> SPORTS ANALYTICS (A) | AI29: =IF(COUNTIF('SA-B'!$A:$A, $C29), AI$1, "") | AJ29: =IF(COUNTIF(CSM!$A:$A, $C29), AJ$1, "") | AK29: =IF(COUNTIF(EM!$A:$A, $C29), AK$1, "") | AL29: =IF(COUNTIF(I4TS!$A:$A, $C29), AL$1, "")
A30: 29 | B30: A | C30: M033-24 | D30: Naman Khokhar | E30: naman.khokhar24m@iimranchi.ac.in | F30: =COUNTA(G30:K30) -> 5 | G30: =IFERROR(__xludf.DUMMYFUNCTION("INDEX(FILTER($P30:$AL30, $P30:$AL30 <> """"), 1)"),"Leadership Excellence Through Values : Wisdom from the Mahabharata") -> Leadership Excellence Through Values : Wisdom from the Mahabharata | H30: =IFERROR(__xludf.DUMMYFUNCTION("INDEX(FILTER($P30:$AL30, $P30:$AL30 <> """"), 2)"),"Strategic HRM") -> Strategic HRM | I30: =IFERROR(__xludf.DUMMYFUNCTION("INDEX(FILTER($P30:$AL30, $P30:$AL30 <> """"), 3)"),"AI Applications in Marketing (A)") -> AI Applications in Marketing (A) | J30: =IFERROR(__xludf.DUMMYFUNCTION("IFERROR(INDEX(FILTER($P30:$AL30, $P30:$AL30 <> """"), 4),)"),"") | K30: =IFERROR(__xludf.DUMMYFUNCTION("IFERROR(INDEX(FILTER($P30:$AL30, $P30:$AL30 <> """"), 5),)"),"") | P30: =IF(COUNTIF('Fintech-A'!$A:$A, $C30), P$1, "") | Q30: =IF(COUNTIF('Fintech-B'!$A:$A, $C30), Q$1, "") | R30: =IF(COUNTIF('BEDM-A'!$A:$A, $C30), R$1, "") | S30: =IF(COUNTIF('BEDM-B'!$A:$A, $C30), S$1, "") | T30: =IF(COUNTIF('Art-A'!$A:$A, $C30), T$1, "") | U30: =IF(COUNTIF('Art-B'!$A:$A, $C30), U$1, "") | V30: =IF(COUNTIF('WH-A'!$A:$A, $C30), V$1, "") | W30: =IF(COUNTIF('WH-B'!$A:$A, $C30), W$1, "") | X30: =IF(COUNTIF(LETV!$A:$A, $C30), X$1, "") -> Leadership Excellence Through Values : Wisdom from the Mahabharata | Y30: =IF(COUNTIF('Film&Firm-A'!$A:$A, $C30), Y$1, "") | Z30: =IF(COUNTIF('Film&Firm-B'!$A:$A, $C30), Z$1, "") | AA30: =IF(COUNTIF(SHRM!$A:$A, $C30), AA$1, "") -> Strategic HRM | AB30: =IF(COUNTIF('SCM-A'!$A:$A, $C30), AB$1, "") | AC30: =IF(COUNTIF('SCM-B'!$A:$A, $C30), AC$1, "") | AD30: =IF(COUNTIF(AIS!$A:$A, $C30), AD$1, "") | AE30: =IF(COUNTIF(EB!$A:$A, $C30), AE$1, "") | AF30: =IF(COUNTIF('AIAM-A'!$A:$A, $C30), AF$1, "") -> AI Applications in Marketing (A) | AG30: =IF(COUNTIF('AIAM-B'!$A:$A, $C30), AG$1, "") | AH30: =IF(COUNTIF('SA-A'!$A:$A, $C30), AH$1, "") | AI30: =IF(COUNTIF('SA-B'!$A:$A, $C30), AI$1, "") | AJ30: =IF(COUNTIF(CSM!$A:$A, $C30), AJ$1, "") | AK30: =IF(COUNTIF(EM!$A:$A, $C30), AK$1, "") | AL30: =IF(COUNTIF(I4TS!$A:$A, $C30), AL$1, "")
A31: 30 | B31: A | C31: M034-24 | D31: Namit Kaur | E31: namit.kaur24m@iimranchi.ac.in | F31: =COUNTA(G31:K31) -> 5 | G31: =IFERROR(__xludf.DUMMYFUNCTION("INDEX(FILTER($P31:$AL31, $P31:$AL31 <> """"), 1)"),"AI AND STRATEGY") -> AI AND STRATEGY | H31: =IFERROR(__xludf.DUMMYFUNCTION("INDEX(FILTER($P31:$AL31, $P31:$AL31 <> """"), 2)"),"Customer Success Management") -> Customer Success Management | I31: =IFERROR(__xludf.DUMMYFUNCTION("INDEX(FILTER($P31:$AL31, $P31:$AL31 <> """"), 3)"),"Entrepreneurial Marketing") -> Entrepreneurial Marketing | J31: =IFERROR(__xludf.DUMMYFUNCTION("IFERROR(INDEX(FILTER($P31:$AL31, $P31:$AL31 <> """"), 4),)"),"") | K31: =IFERROR(__xludf.DUMMYFUNCTION("IFERROR(INDEX(FILTER($P31:$AL31, $P31:$AL31 <> """"), 5),)"),"") | P31: =IF(COUNTIF('Fintech-A'!$A:$A, $C31), P$1, "") | Q31: =IF(COUNTIF('Fintech-B'!$A:$A, $C31), Q$1, "") | R31: =IF(COUNTIF('BEDM-A'!$A:$A, $C31), R$1, "") | S31: =IF(COUNTIF('BEDM-B'!$A:$A, $C31), S$1, "") | T31: =IF(COUNTIF('Art-A'!$A:$A, $C31), T$1, "") | U31: =IF(COUNTIF('Art-B'!$A:$A, $C31), U$1, "") | V31: =IF(COUNTIF('WH-A'!$A:$A, $C31), V$1, "") | W31: =IF(COUNTIF('WH-B'!$A:$A, $C31), W$1, "") | X31: =IF(COUNTIF(LETV!$A:$A, $C31), X$1, "") | Y31: =IF(COUNTIF('Film&Firm-A'!$A:$A, $C31), Y$1, "") | Z31: =IF(COUNTIF('Film&Firm-B'!$A:$A, $C31), Z$1, "") | AA31: =IF(COUNTIF(SHRM!$A:$A, $C31), AA$1, "") | AB31: =IF(COUNTIF('SCM-A'!$A:$A, $C31), AB$1, "") | AC31: =IF(COUNTIF('SCM-B'!$A:$A, $C31), AC$1, "") | AD31: =IF(COUNTIF(AIS!$A:$A, $C31), AD$1, "") -> AI AND STRATEGY | AE31: =IF(COUNTIF(EB!$A:$A, $C31), AE$1, "") | AF31: =IF(COUNTIF('AIAM-A'!$A:$A, $C31), AF$1, "") | AG31: =IF(COUNTIF('AIAM-B'!$A:$A, $C31), AG$1, "") | AH31: =IF(COUNTIF('SA-A'!$A:$A, $C31), AH$1, "") | AI31: =IF(COUNTIF('SA-B'!$A:$A, $C31), AI$1, "") | AJ31: =IF(COUNTIF(CSM!$A:$A, $C31), AJ$1, "") -> Customer Success Management | AK31: =IF(COUNTIF(EM!$A:$A, $C31), AK$1, "") -> Entrepreneurial Marketing | AL31: =IF(COUNTIF(I4TS!$A:$A, $C31), AL$1, "")
A32: 31 | B32: A | C32: M035-24 | D32: Pallavi Kumari | E32: pallavi.kumari24m@iimranchi.ac.in | F32: =COUNTA(G32:K32) -> 5 | G32: =IFERROR(__xludf.DUMMYFUNCTION("INDEX(FILTER($P32:$AL32, $P32:$AL32 <> """"), 1)"),"Workplace Happiness: Science & Practice (A)") -> Workplace Happiness: Science & Practice (A) | H32: =IFERROR(__xludf.DUMMYFUNCTION("INDEX(FILTER($P32:$AL32, $P32:$AL32 <> """"), 2)"),"AI Applications in Marketing (B)") -> AI Applications in Marketing (B) | I32: =IFERROR(__xludf.DUMMYFUNCTION("INDEX(FILTER($P32:$AL32, $P32:$AL32 <> """"), 3)"),"Industry 4.0 in Transport Sector") -> Industry 4.0 in Transport Sector | J32: =IFERROR(__xludf.DUMMYFUNCTION("IFERROR(INDEX(FILTER($P32:$AL32, $P32:$AL32 <> """"), 4),)"),"") | K32: =IFERROR(__xludf.DUMMYFUNCTION("IFERROR(INDEX(FILTER($P32:$AL32, $P32:$AL32 <> """"), 5),)"),"") | P32: =IF(COUNTIF('Fintech-A'!$A:$A, $C32), P$1, "") | Q32: =IF(COUNTIF('Fintech-B'!$A:$A, $C32), Q$1, "") | R32: =IF(COUNTIF('BEDM-A'!$A:$A, $C32), R$1, "") | S32: =IF(COUNTIF('BEDM-B'!$A:$A, $C32), S$1, "") | T32: =IF(COUNTIF('Art-A'!$A:$A, $C32), T$1, "") | U32: =IF(COUNTIF('Art-B'!$A:$A, $C32), U$1, "") | V32: =IF(COUNTIF('WH-A'!$A:$A, $C32), V$1, "") -> Workplace Happiness: Science & Practice (A) | W32: =IF(COUNTIF('WH-B'!$A:$A, $C32), W$1, "") | X32: =IF(COUNTIF(LETV!$A:$A, $C32), X$1, "") | Y32: =IF(COUNTIF('Film&Firm-A'!$A:$A, $C32), Y$1, "") | Z32: =IF(COUNTIF('Film&Firm-B'!$A:$A, $C32), Z$1, "") | AA32: =IF(COUNTIF(SHRM!$A:$A, $C32), AA$1, "") | AB32: =IF(COUNTIF('SCM-A'!$A:$A, $C32), AB$1, "") | AC32: =IF(COUNTIF('SCM-B'!$A:$A, $C32), AC$1, "") | AD32: =IF(COUNTIF(AIS!$A:$A, $C32), AD$1, "") | AE32: =IF(COUNTIF(EB!$A:$A, $C32), AE$1, "") | AF32: =IF(COUNTIF('AIAM-A'!$A:$A, $C32), AF$1, "") | AG32: =IF(COUNTIF('AIAM-B'!$A:$A, $C32), AG$1, "") -> AI Applications in Marketing (B) | AH32: =IF(COUNTIF('SA-A'!$A:$A, $C32), AH$1, "") | AI32: =IF(COUNTIF('SA-B'!$A:$A, $C32), AI$1, "") | AJ32: =IF(COUNTIF(CSM!$A:$A, $C32), AJ$1, "") | AK32: =IF(COUNTIF(EM!$A:$A, $C32), AK$1, "") | AL32: =IF(COUNTIF(I4TS!$A:$A, $C32), AL$1, "") -> Industry 4.0 in Transport Sector
A33: 32 | B33: A | C33: M036-24 | D33: Pavuluri Bala Bharath Kumar | E33: pavuluri.balabharathkumar24m@iimranchi.ac.in | F33: =COUNTA(G33:K33) -> 5 | G33: =IFERROR(__xludf.DUMMYFUNCTION("INDEX(FILTER($P33:$AL33, $P33:$AL33 <> """"), 1)"),"Customer Success Management") -> Customer Success Management | H33: =IFERROR(__xludf.DUMMYFUNCTION("INDEX(FILTER($P33:$AL33, $P33:$AL33 <> """"), 2)"),"Entrepreneurial Marketing") -> Entrepreneurial Marketing | I33: =IFERROR(__xludf.DUMMYFUNCTION("INDEX(FILTER($P33:$AL33, $P33:$AL33 <> """"), 3)"),"Industry 4.0 in Transport Sector") -> Industry 4.0 in Transport Sector | J33: =IFERROR(__xludf.DUMMYFUNCTION("IFERROR(INDEX(FILTER($P33:$AL33, $P33:$AL33 <> """"), 4),)"),"") | K33: =IFERROR(__xludf.DUMMYFUNCTION("IFERROR(INDEX(FILTER($P33:$AL33, $P33:$AL33 <> """"), 5),)"),"") | P33: =IF(COUNTIF('Fintech-A'!$A:$A, $C33), P$1, "") | Q33: =IF(COUNTIF('Fintech-B'!$A:$A, $C33), Q$1, "") | R33: =IF(COUNTIF('BEDM-A'!$A:$A, $C33), R$1, "") | S33: =IF(COUNTIF('BEDM-B'!$A:$A, $C33), S$1, "") | T33: =IF(COUNTIF('Art-A'!$A:$A, $C33), T$1, "") | U33: =IF(COUNTIF('Art-B'!$A:$A, $C33), U$1, "") | V33: =IF(COUNTIF('WH-A'!$A:$A, $C33), V$1, "") | W33: =IF(COUNTIF('WH-B'!$A:$A, $C33), W$1, "") | X33: =IF(COUNTIF(LETV!$A:$A, $C33), X$1, "") | Y33: =IF(COUNTIF('Film&Firm-A'!$A:$A, $C33), Y$1, "") | Z33: =IF(COUNTIF('Film&Firm-B'!$A:$A, $C33), Z$1, "") | AA33: =IF(COUNTIF(SHRM!$A:$A, $C33), AA$1, "") | AB33: =IF(COUNTIF('SCM-A'!$A:$A, $C33), AB$1, "") | AC33: =IF(COUNTIF('SCM-B'!$A:$A, $C33), AC$1, "") | AD33: =IF(COUNTIF(AIS!$A:$A, $C33), AD$1, "") | AE33: =IF(COUNTIF(EB!$A:$A, $C33), AE$1, "") | AF33: =IF(COUNTIF('AIAM-A'!$A:$A, $C33), AF$1, "") | AG33: =IF(COUNTIF('AIAM-B'!$A:$A, $C33), AG$1, "") | AH33: =IF(COUNTIF('SA-A'!$A:$A, $C33), AH$1, "") | AI33: =IF(COUNTIF('SA-B'!$A:$A, $C33), AI$1, "") | AJ33: =IF(COUNTIF(CSM!$A:$A, $C33), AJ$1, "") -> Customer Success Management | AK33: =IF(COUNTIF(EM!$A:$A, $C33), AK$1, "") -> Entrepreneurial Marketing | AL33: =IF(COUNTIF(I4TS!$A:$A, $C33), AL$1, "") -> Industry 4.0 in Transport Sector
A34: 33 | B34: A | C34: M037-24 | D34: Piyush Agarwal | E34: piyush.agarwal24m@iimranchi.ac.in | F34: =COUNTA(G34:K34) -> 5 | G34: =IFERROR(__xludf.DUMMYFUNCTION("INDEX(FILTER($P34:$AL34, $P34:$AL34 <> """"), 1)"),"Fintech (Digital Transformation in Finance) (B)") -> Fintech (Digital Transformation in Finance) (B) | H34: =IFERROR(__xludf.DUMMYFUNCTION("INDEX(FILTER($P34:$AL34, $P34:$AL34 <> """"), 2)"),"Behavioural Economics and Decision-Making (B)") -> Behavioural Economics and Decision-Making (B) | I34: =IFERROR(__xludf.DUMMYFUNCTION("INDEX(FILTER($P34:$AL34, $P34:$AL34 <> """"), 3)"),"Entrepreneurial Marketing") -> Entrepreneurial Marketing | J34: =IFERROR(__xludf.DUMMYFUNCTION("IFERROR(INDEX(FILTER($P34:$AL34, $P34:$AL34 <> """"), 4),)"),"") | K34: =IFERROR(__xludf.DUMMYFUNCTION("IFERROR(INDEX(FILTER($P34:$AL34, $P34:$AL34 <> """"), 5),)"),"") | P34: =IF(COUNTIF('Fintech-A'!$A:$A, $C34), P$1, "") | Q34: =IF(COUNTIF('Fintech-B'!$A:$A, $C34), Q$1, "") -> Fintech (Digital Transformation in Finance) (B) | R34: =IF(COUNTIF('BEDM-A'!$A:$A, $C34), R$1, "") | S34: =IF(COUNTIF('BEDM-B'!$A:$A, $C34), S$1, "") -> Behavioural Economics and Decision-Making (B) | T34: =IF(COUNTIF('Art-A'!$A:$A, $C34), T$1, "") | U34: =IF(COUNTIF('Art-B'!$A:$A, $C34), U$1, "") | V34: =IF(COUNTIF('WH-A'!$A:$A, $C34), V$1, "") | W34: =IF(COUNTIF('WH-B'!$A:$A, $C34), W$1, "") | X34: =IF(COUNTIF(LETV!$A:$A, $C34), X$1, "") | Y34: =IF(COUNTIF('Film&Firm-A'!$A:$A, $C34), Y$1, "") | Z34: =IF(COUNTIF('Film&Firm-B'!$A:$A, $C34), Z$1, "") | AA34: =IF(COUNTIF(SHRM!$A:$A, $C34), AA$1, "") | AB34: =IF(COUNTIF('SCM-A'!$A:$A, $C34), AB$1, "") | AC34: =IF(COUNTIF('SCM-B'!$A:$A, $C34), AC$1, "") | AD34: =IF(COUNTIF(AIS!$A:$A, $C34), AD$1, "") | AE34: =IF(COUNTIF(EB!$A:$A, $C34), AE$1, "") | AF34: =IF(COUNTIF('AIAM-A'!$A:$A, $C34), AF$1, "") | AG34: =IF(COUNTIF('AIAM-B'!$A:$A, $C34), AG$1, "") | AH34: =IF(COUNTIF('SA-A'!$A:$A, $C34), AH$1, "") | AI34: =IF(COUNTIF('SA-B'!$A:$A, $C34), AI$1, "") | AJ34: =IF(COUNTIF(CSM!$A:$A, $C34), AJ$1, "") | AK34: =IF(COUNTIF(EM!$A:$A, $C34), AK$1, "") -> Entrepreneurial Marketing | AL34: =IF(COUNTIF(I4TS!$A:$A, $C34), AL$1, "")
A35: 34 | B35: A | C35: M038-24 | D35: Pragati Shreya Keshri | E35: pragati.shreyakeshri24m@iimranchi.ac.in | F35: =COUNTA(G35:K35) -> 5 | G35: =IFERROR(__xludf.DUMMYFUNCTION("INDEX(FILTER($P35:$AL35, $P35:$AL35 <> """"), 1)"),"The Art, Craft, and Science of Management: Learning through Classics and Best Collections (A)") -> The Art, Craft, and Science of Management: Learning through Classics and Best Collections (A) | H35: =IFERROR(__xludf.DUMMYFUNCTION("INDEX(FILTER($P35:$AL35, $P35:$AL35 <> """"), 2)"),"Strategic HRM") -> Strategic HRM | I35: =IFERROR(__xludf.DUMMYFUNCTION("INDEX(FILTER($P35:$AL35, $P35:$AL35 <> """"), 3)"),"Entrepreneurial Marketing") -> Entrepreneurial Marketing | J35: =IFERROR(__xludf.DUMMYFUNCTION("IFERROR(INDEX(FILTER($P35:$AL35, $P35:$AL35 <> """"), 4),)"),"") | K35: =IFERROR(__xludf.DUMMYFUNCTION("IFERROR(INDEX(FILTER($P35:$AL35, $P35:$AL35 <> """"), 5),)"),"") | P35: =IF(COUNTIF('Fintech-A'!$A:$A, $C35), P$1, "") | Q35: =IF(COUNTIF('Fintech-B'!$A:$A, $C35), Q$1, "") | R35: =IF(COUNTIF('BEDM-A'!$A:$A, $C35), R$1, "") | S35: =IF(COUNTIF('BEDM-B'!$A:$A, $C35), S$1, "") | T35: =IF(COUNTIF('Art-A'!$A:$A, $C35), T$1, "") -> The Art, Craft, and Science of Management: Learning through Classics and Best Collections (A) | U35: =IF(COUNTIF('Art-B'!$A:$A, $C35), U$1, "") | V35: =IF(COUNTIF('WH-A'!$A:$A, $C35), V$1, "") | W35: =IF(COUNTIF('WH-B'!$A:$A, $C35), W$1, "") | X35: =IF(COUNTIF(LETV!$A:$A, $C35), X$1, "") | Y35: =IF(COUNTIF('Film&Firm-A'!$A:$A, $C35), Y$1, "") | Z35: =IF(COUNTIF('Film&Firm-B'!$A:$A, $C35), Z$1, "") | AA35: =IF(COUNTIF(SHRM!$A:$A, $C35), AA$1, "") -> Strategic HRM | AB35: =IF(COUNTIF('SCM-A'!$A:$A, $C35), AB$1, "") | AC35: =IF(COUNTIF('SCM-B'!$A:$A, $C35), AC$1, "") | AD35: =IF(COUNTIF(AIS!$A:$A, $C35), AD$1, "") | AE35: =IF(COUNTIF(EB!$A:$A, $C35), AE$1, "") | AF35: =IF(COUNTIF('AIAM-A'!$A:$A, $C35), AF$1, "") | AG35: =IF(COUNTIF('AIAM-B'!$A:$A, $C35), AG$1, "") | AH35: =IF(COUNTIF('SA-A'!$A:$A, $C35), AH$1, "") | AI35: =IF(COUNTIF('SA-B'!$A:$A, $C35), AI$1, "") | AJ35: =IF(COUNTIF(CSM!$A:$A, $C35), AJ$1, "") | AK35: =IF(COUNTIF(EM!$A:$A, $C35), AK$1, "") -> Entrepreneurial Marketing | AL35: =IF(COUNTIF(I4TS!$A:$A, $C35), AL$1, "")
A36: 35 | B36: A | C36: M039-24 | D36: Pratyush Kumar | E36: pratyush.kumar24m@iimranchi.ac.in | F36: =COUNTA(G36:K36) -> 5 | G36: =IFERROR(__xludf.DUMMYFUNCTION("INDEX(FILTER($P36:$AL36, $P36:$AL36 <> """"), 1)"),"Fintech (Digital Transformation in Finance) (B)") -> Fintech (Digital Transformation in Finance) (B) | H36: =IFERROR(__xludf.DUMMYFUNCTION("INDEX(FILTER($P36:$AL36, $P36:$AL36 <> """"), 2)"),"Customer Success Management") -> Customer Success Management | I36: =IFERROR(__xludf.DUMMYFUNCTION("INDEX(FILTER($P36:$AL36, $P36:$AL36 <> """"), 3)"),"Entrepreneurial Marketing") -> Entrepreneurial Marketing | J36: =IFERROR(__xludf.DUMMYFUNCTION("IFERROR(INDEX(FILTER($P36:$AL36, $P36:$AL36 <> """"), 4),)"),"") | K36: =IFERROR(__xludf.DUMMYFUNCTION("IFERROR(INDEX(FILTER($P36:$AL36, $P36:$AL36 <> """"), 5),)"),"") | P36: =IF(COUNTIF('Fintech-A'!$A:$A, $C36), P$1, "") | Q36: =IF(COUNTIF('Fintech-B'!$A:$A, $C36), Q$1, "") -> Fintech (Digital Transformation in Finance) (B) | R36: =IF(COUNTIF('BEDM-A'!$A:$A, $C36), R$1, "") | S36: =IF(COUNTIF('BEDM-B'!$A:$A, $C36), S$1, "") | T36: =IF(COUNTIF('Art-A'!$A:$A, $C36), T$1, "") | U36: =IF(COUNTIF('Art-B'!$A:$A, $C36), U$1, "") | V36: =IF(COUNTIF('WH-A'!$A:$A, $C36), V$1, "") | W36: =IF(COUNTIF('WH-B'!$A:$A, $C36), W$1, "") | X36: =IF(COUNTIF(LETV!$A:$A, $C36), X$1, "") | Y36: =IF(COUNTIF('Film&Firm-A'!$A:$A, $C36), Y$1, "") | Z36: =IF(COUNTIF('Film&Firm-B'!$A:$A, $C36), Z$1, "") | AA36: =IF(COUNTIF(SHRM!$A:$A, $C36), AA$1, "") | AB36: =IF(COUNTIF('SCM-A'!$A:$A, $C36), AB$1, "") | AC36: =IF(COUNTIF('SCM-B'!$A:$A, $C36), AC$1, "") | AD36: =IF(COUNTIF(AIS!$A:$A, $C36), AD$1, "") | AE36: =IF(COUNTIF(EB!$A:$A, $C36), AE$1, "") | AF36: =IF(COUNTIF('AIAM-A'!$A:$A, $C36), AF$1, "") | AG36: =IF(COUNTIF('AIAM-B'!$A:$A, $C36), AG$1, "") | AH36: =IF(COUNTIF('SA-A'!$A:$A, $C36), AH$1, "") | AI36: =IF(COUNTIF('SA-B'!$A:$A, $C36), AI$1, "") | AJ36: =IF(COUNTIF(CSM!$A:$A, $C36), AJ$1, "") -> Customer Success Management | AK36: =IF(COUNTIF(EM!$A:$A, $C36), AK$1, "") -> Entrepreneurial Marketing | AL36: =IF(COUNTIF(I4TS!$A:$A, $C36), AL$1, "")
A37: 36 | B37: A | C37: M040-24 | D37: Prerna Sundrani | E37: prerna.sundrani24m@iimranchi.ac.in | F37: =COUNTA(G37:K37) -> 5 | G37: =IFERROR(__xludf.DUMMYFUNCTION("INDEX(FILTER($P37:$AL37, $P37:$AL37 <> """"), 1)"),"Fintech (Digital Transformation in Finance) (B)") -> Fintech (Digital Transformation in Finance) (B) | H37: =IFERROR(__xludf.DUMMYFUNCTION("INDEX(FILTER($P37:$AL37, $P37:$AL37 <> """"), 2)"),"SPORTS ANALYTICS (B)") -> SPORTS ANALYTICS (B) | I37: =IFERROR(__xludf.DUMMYFUNCTION("INDEX(FILTER($P37:$AL37, $P37:$AL37 <> """"), 3)"),"Entrepreneurial Marketing") -> Entrepreneurial Marketing | J37: =IFERROR(__xludf.DUMMYFUNCTION("IFERROR(INDEX(FILTER($P37:$AL37, $P37:$AL37 <> """"), 4),)"),"") | K37: =IFERROR(__xludf.DUMMYFUNCTION("IFERROR(INDEX(FILTER($P37:$AL37, $P37:$AL37 <> """"), 5),)"),"") | P37: =IF(COUNTIF('Fintech-A'!$A:$A, $C37), P$1, "") | Q37: =IF(COUNTIF('Fintech-B'!$A:$A, $C37), Q$1, "") -> Fintech (Digital Transformation in Finance) (B) | R37: =IF(COUNTIF('BEDM-A'!$A:$A, $C37), R$1, "") | S37: =IF(COUNTIF('BEDM-B'!$A:$A, $C37), S$1, "") | T37: =IF(COUNTIF('Art-A'!$A:$A, $C37), T$1, "") | U37: =IF(COUNTIF('Art-B'!$A:$A, $C37), U$1, "") | V37: =IF(COUNTIF('WH-A'!$A:$A, $C37), V$1, "") | W37: =IF(COUNTIF('WH-B'!$A:$A, $C37), W$1, "") | X37: =IF(COUNTIF(LETV!$A:$A, $C37), X$1, "") | Y37: =IF(COUNTIF('Film&Firm-A'!$A:$A, $C37), Y$1, "") | Z37: =IF(COUNTIF('Film&Firm-B'!$A:$A, $C37), Z$1, "") | AA37: =IF(COUNTIF(SHRM!$A:$A, $C37), AA$1, "") | AB37: =IF(COUNTIF('SCM-A'!$A:$A, $C37), AB$1, "") | AC37: =IF(COUNTIF('SCM-B'!$A:$A, $C37), AC$1, "") | AD37: =IF(COUNTIF(AIS!$A:$A, $C37), AD$1, "") | AE37: =IF(COUNTIF(EB!$A:$A, $C37), AE$1, "") | AF37: =IF(COUNTIF('AIAM-A'!$A:$A, $C37), AF$1, "") | AG37: =IF(COUNTIF('AIAM-B'!$A:$A, $C37), AG$1, "") | AH37: =IF(COUNTIF('SA-A'!$A:$A, $C37), AH$1, "") | AI37: =IF(COUNTIF('SA-B'!$A:$A, $C37), AI$1, "") -> SPORTS ANALYTICS (B) | AJ37: =IF(COUNTIF(CSM!$A:$A, $C37), AJ$1, "") | AK37: =IF(COUNTIF(EM!$A:$A, $C37), AK$1, "") -> Entrepreneurial Marketing | AL37: =IF(COUNTIF(I4TS!$A:$A, $C37), AL$1, "")
A38: 37 | B38: A | C38: M041-24 | D38: Raghavi Sharma | E38: raghavi.sharma24m@iimranchi.ac.in | F38: =COUNTA(G38:K38) -> 5 | G38: =IFERROR(__xludf.DUMMYFUNCTION("INDEX(FILTER($P38:$AL38, $P38:$AL38 <> """"), 1)"),"Workplace Happiness: Science & Practice (A)") -> Workplace Happiness: Science & Practice (A) | H38: =IFERROR(__xludf.DUMMYFUNCTION("INDEX(FILTER($P38:$AL38, $P38:$AL38 <> """"), 2)"),"Film & the Firm: Visual Culture in Business Contexts (B)") -> Film & the Firm: Visual Culture in Business Contexts (B) | I38: =IFERROR(__xludf.DUMMYFUNCTION("INDEX(FILTER($P38:$AL38, $P38:$AL38 <> """"), 3)"),"Strategic Career Management (A)") -> Strategic Career Management (A) | J38: =IFERROR(__xludf.DUMMYFUNCTION("IFERROR(INDEX(FILTER($P38:$AL38, $P38:$AL38 <> """"), 4),)"),"") | K38: =IFERROR(__xludf.DUMMYFUNCTION("IFERROR(INDEX(FILTER($P38:$AL38, $P38:$AL38 <> """"), 5),)"),"") | P38: =IF(COUNTIF('Fintech-A'!$A:$A, $C38), P$1, "") | Q38: =IF(COUNTIF('Fintech-B'!$A:$A, $C38), Q$1, "") | R38: =IF(COUNTIF('BEDM-A'!$A:$A, $C38), R$1, "") | S38: =IF(COUNTIF('BEDM-B'!$A:$A, $C38), S$1, "") | T38: =IF(COUNTIF('Art-A'!$A:$A, $C38), T$1, "") | U38: =IF(COUNTIF('Art-B'!$A:$A, $C38), U$1, "") | V38: =IF(COUNTIF('WH-A'!$A:$A, $C38), V$1, "") -> Workplace Happiness: Science & Practice (A) | W38: =IF(COUNTIF('WH-B'!$A:$A, $C38), W$1, "") | X38: =IF(COUNTIF(LETV!$A:$A, $C38), X$1, "") | Y38: =IF(COUNTIF('Film&Firm-A'!$A:$A, $C38), Y$1, "") | Z38: =IF(COUNTIF('Film&Firm-B'!$A:$A, $C38), Z$1, "") -> Film & the Firm: Visual Culture in Business Contexts (B) | AA38: =IF(COUNTIF(SHRM!$A:$A, $C38), AA$1, "") | AB38: =IF(COUNTIF('SCM-A'!$A:$A, $C38), AB$1, "") -> Strategic Career Management (A) | AC38: =IF(COUNTIF('SCM-B'!$A:$A, $C38), AC$1, "") | AD38: =IF(COUNTIF(AIS!$A:$A, $C38), AD$1, "") | AE38: =IF(COUNTIF(EB!$A:$A, $C38), AE$1, "") | AF38: =IF(COUNTIF('AIAM-A'!$A:$A, $C38), AF$1, "") | AG38: =IF(COUNTIF('AIAM-B'!$A:$A, $C38), AG$1, "") | AH38: =IF(COUNTIF('SA-A'!$A:$A, $C38), AH$1, "") | AI38: =IF(COUNTIF('SA-B'!$A:$A, $C38), AI$1, "") | AJ38: =IF(COUNTIF(CSM!$A:$A, $C38), AJ$1, "") | AK38: =IF(COUNTIF(EM!$A:$A, $C38), AK$1, "") | AL38: =IF(COUNTIF(I4TS!$A:$A, $C38), AL$1, "")
A39: 38 | B39: A | C39: M042-24 | D39: Raghul G | E39: raghul.g24m@iimranchi.ac.in | F39: =COUNTA(G39:K39) -> 5 | G39: =IFERROR(__xludf.DUMMYFUNCTION("INDEX(FILTER($P39:$AL39, $P39:$AL39 <> """"), 1)"),"AI AND STRATEGY") -> AI AND STRATEGY | H39: =IFERROR(__xludf.DUMMYFUNCTION("INDEX(FILTER($P39:$AL39, $P39:$AL39 <> """"), 2)"),"Customer Success Management") -> Customer Success Management | I39: =IFERROR(__xludf.DUMMYFUNCTION("INDEX(FILTER($P39:$AL39, $P39:$AL39 <> """"), 3)"),"Entrepreneurial Marketing") -> Entrepreneurial Marketing | J39: =IFERROR(__xludf.DUMMYFUNCTION("IFERROR(INDEX(FILTER($P39:$AL39, $P39:$AL39 <> """"), 4),)"),"") | K39: =IFERROR(__xludf.DUMMYFUNCTION("IFERROR(INDEX(FILTER($P39:$AL39, $P39:$AL39 <> """"), 5),)"),"") | P39: =IF(COUNTIF('Fintech-A'!$A:$A, $C39), P$1, "") | Q39: =IF(COUNTIF('Fintech-B'!$A:$A, $C39), Q$1, "") | R39: =IF(COUNTIF('BEDM-A'!$A:$A, $C39), R$1, "") | S39: =IF(COUNTIF('BEDM-B'!$A:$A, $C39), S$1, "") | T39: =IF(COUNTIF('Art-A'!$A:$A, $C39), T$1, "") | U39: =IF(COUNTIF('Art-B'!$A:$A, $C39), U$1, "") | V39: =IF(COUNTIF('WH-A'!$A:$A, $C39), V$1, "") | W39: =IF(COUNTIF('WH-B'!$A:$A, $C39), W$1, "") | X39: =IF(COUNTIF(LETV!$A:$A, $C39), X$1, "") | Y39: =IF(COUNTIF('Film&Firm-A'!$A:$A, $C39), Y$1, "") | Z39: =IF(COUNTIF('Film&Firm-B'!$A:$A, $C39), Z$1, "") | AA39: =IF(COUNTIF(SHRM!$A:$A, $C39), AA$1, "") | AB39: =IF(COUNTIF('SCM-A'!$A:$A, $C39), AB$1, "") | AC39: =IF(COUNTIF('SCM-B'!$A:$A, $C39), AC$1, "") | AD39: =IF(COUNTIF(AIS!$A:$A, $C39), AD$1, "") -> AI AND STRATEGY | AE39: =IF(COUNTIF(EB!$A:$A, $C39), AE$1, "") | AF39: =IF(COUNTIF('AIAM-A'!$A:$A, $C39), AF$1, "") | AG39: =IF(COUNTIF('AIAM-B'!$A:$A, $C39), AG$1, "") | AH39: =IF(COUNTIF('SA-A'!$A:$A, $C39), AH$1, "") | AI39: =IF(COUNTIF('SA-B'!$A:$A, $C39), AI$1, "") | AJ39: =IF(COUNTIF(CSM!$A:$A, $C39), AJ$1, "") -> Customer Success Management | AK39: =IF(COUNTIF(EM!$A:$A, $C39), AK$1, "") -> Entrepreneurial Marketing | AL39: =IF(COUNTIF(I4TS!$A:$A, $C39), AL$1, "")
A40: 39 | B40: A | C40: M043-24 | D40: Rashim Verma | E40: rashim.verma24m@iimranchi.ac.in | F40: =COUNTA(G40:K40) -> 5 | G40: =IFERROR(__xludf.DUMMYFUNCTION("INDEX(FILTER($P40:$AL40, $P40:$AL40 <> """"), 1)"),"Behavioural Economics and Decision-Making (B)") -> Behavioural Economics and Decision-Making (B) | H40: =IFERROR(__xludf.DUMMYFUNCTION("INDEX(FILTER($P40:$AL40, $P40:$AL40 <> """"), 2)"),"Strategic Career Management (A)") -> Strategic Career Management (A) | I40: =IFERROR(__xludf.DUMMYFUNCTION("INDEX(FILTER($P40:$AL40, $P40:$AL40 <> """"), 3)"),"AI Applications in Marketing (B)") -> AI Applications in Marketing (B) | J40: =IFERROR(__xludf.DUMMYFUNCTION("IFERROR(INDEX(FILTER($P40:$AL40, $P40:$AL40 <> """"), 4),)"),"") | K40: =IFERROR(__xludf.DUMMYFUNCTION("IFERROR(INDEX(FILTER($P40:$AL40, $P40:$AL40 <> """"), 5),)"),"") | P40: =IF(COUNTIF('Fintech-A'!$A:$A, $C40), P$1, "") | Q40: =IF(COUNTIF('Fintech-B'!$A:$A, $C40), Q$1, "") | R40: =IF(COUNTIF('BEDM-A'!$A:$A, $C40), R$1, "") | S40: =IF(COUNTIF('BEDM-B'!$A:$A, $C40), S$1, "") -> Behavioural Economics and Decision-Making (B) | T40: =IF(COUNTIF('Art-A'!$A:$A, $C40), T$1, "") | U40: =IF(COUNTIF('Art-B'!$A:$A, $C40), U$1, "") | V40: =IF(COUNTIF('WH-A'!$A:$A, $C40), V$1, "") | W40: =IF(COUNTIF('WH-B'!$A:$A, $C40), W$1, "") | X40: =IF(COUNTIF(LETV!$A:$A, $C40), X$1, "") | Y40: =IF(COUNTIF('Film&Firm-A'!$A:$A, $C40), Y$1, "") | Z40: =IF(COUNTIF('Film&Firm-B'!$A:$A, $C40), Z$1, "") | AA40: =IF(COUNTIF(SHRM!$A:$A, $C40), AA$1, "") | AB40: =IF(COUNTIF('SCM-A'!$A:$A, $C40), AB$1, "") -> Strategic Career Management (A) | AC40: =IF(COUNTIF('SCM-B'!$A:$A, $C40), AC$1, "") | AD40: =IF(COUNTIF(AIS!$A:$A, $C40), AD$1, "") | AE40: =IF(COUNTIF(EB!$A:$A, $C40), AE$1, "") | AF40: =IF(COUNTIF('AIAM-A'!$A:$A, $C40), AF$1, "") | AG40: =IF(COUNTIF('AIAM-B'!$A:$A, $C40), AG$1, "") -> AI Applications in Marketing (B) | AH40: =IF(COUNTIF('SA-A'!$A:$A, $C40), AH$1, "") | AI40: =IF(COUNTIF('SA-B'!$A:$A, $C40), AI$1, "") | AJ40: =IF(COUNTIF(CSM!$A:$A, $C40), AJ$1, "") | AK40: =IF(COUNTIF(EM!$A:$A, $C40), AK$1, "") | AL40: =IF(COUNTIF(I4TS!$A:$A, $C40), AL$1, "")
A41: 40 | B41: A | C41: M044-24 | D41: Ritika Chandel | E41: ritika.chandel24m@iimranchi.ac.in | F41: =COUNTA(G41:K41) -> 5 | G41: =IFERROR(__xludf.DUMMYFUNCTION("INDEX(FILTER($P41:$AL41, $P41:$AL41 <> """"), 1)"),"Strategic HRM") -> Strategic HRM | H41: =IFERROR(__xludf.DUMMYFUNCTION("INDEX(FILTER($P41:$AL41, $P41:$AL41 <> """"), 2)"),"Strategic Career Management (B)") -> Strategic Career Management (B) | I41: =IFERROR(__xludf.DUMMYFUNCTION("INDEX(FILTER($P41:$AL41, $P41:$AL41 <> """"), 3)"),"AI Applications in Marketing (A)") -> AI Applications in Marketing (A) | J41: =IFERROR(__xludf.DUMMYFUNCTION("IFERROR(INDEX(FILTER($P41:$AL41, $P41:$AL41 <> """"), 4),)"),"") | K41: =IFERROR(__xludf.DUMMYFUNCTION("IFERROR(INDEX(FILTER($P41:$AL41, $P41:$AL41 <> """"), 5),)"),"") | P41: =IF(COUNTIF('Fintech-A'!$A:$A, $C41), P$1, "") | Q41: =IF(COUNTIF('Fintech-B'!$A:$A, $C41), Q$1, "") | R41: =IF(COUNTIF('BEDM-A'!$A:$A, $C41), R$1, "") | S41: =IF(COUNTIF('BEDM-B'!$A:$A, $C41), S$1, "") | T41: =IF(COUNTIF('Art-A'!$A:$A, $C41), T$1, "") | U41: =IF(COUNTIF('Art-B'!$A:$A, $C41), U$1, "") | V41: =IF(COUNTIF('WH-A'!$A:$A, $C41), V$1, "") | W41: =IF(COUNTIF('WH-B'!$A:$A, $C41), W$1, "") | X41: =IF(COUNTIF(LETV!$A:$A, $C41), X$1, "") | Y41: =IF(COUNTIF('Film&Firm-A'!$A:$A, $C41), Y$1, "") | Z41: =IF(COUNTIF('Film&Firm-B'!$A:$A, $C41), Z$1, "") | AA41: =IF(COUNTIF(SHRM!$A:$A, $C41), AA$1, "") -> Strategic HRM | AB41: =IF(COUNTIF('SCM-A'!$A:$A, $C41), AB$1, "") | AC41: =IF(COUNTIF('SCM-B'!$A:$A, $C41), AC$1, "") -> Strategic Career Management (B) | AD41: =IF(COUNTIF(AIS!$A:$A, $C41), AD$1, "") | AE41: =IF(COUNTIF(EB!$A:$A, $C41), AE$1, "") | AF41: =IF(COUNTIF('AIAM-A'!$A:$A, $C41), AF$1, "") -> AI Applications in Marketing (A) | AG41: =IF(COUNTIF('AIAM-B'!$A:$A, $C41), AG$1, "") | AH41: =IF(COUNTIF('SA-A'!$A:$A, $C41), AH$1, "") | AI41: =IF(COUNTIF('SA-B'!$A:$A, $C41), AI$1, "") | AJ41: =IF(COUNTIF(CSM!$A:$A, $C41), AJ$1, "") | AK41: =IF(COUNTIF(EM!$A:$A, $C41), AK$1, "") | AL41: =IF(COUNTIF(I4TS!$A:$A, $C41), AL$1, "")
A42: 41 | B42: A | C42: M045-24 | D42: Rohit Kori | E42: rohit.kori24m@iimranchi.ac.in | F42: =COUNTA(G42:K42) -> 5 | G42: =IFERROR(__xludf.DUMMYFUNCTION("INDEX(FILTER($P42:$AL42, $P42:$AL42 <> """"), 1)"),"Workplace Happiness: Science & Practice (A)") -> Workplace Happiness: Science & Practice (A) | H42: =IFERROR(__xludf.DUMMYFUNCTION("INDEX(FILTER($P42:$AL42, $P42:$AL42 <> """"), 2)"),"Leadership Excellence Through Values : Wisdom from the Mahabharata") -> Leadership Excellence Through Values : Wisdom from the Mahabharata | I42: =IFERROR(__xludf.DUMMYFUNCTION("INDEX(FILTER($P42:$AL42, $P42:$AL42 <> """"), 3)"),"Industry 4.0 in Transport Sector") -> Industry 4.0 in Transport Sector | J42: =IFERROR(__xludf.DUMMYFUNCTION("IFERROR(INDEX(FILTER($P42:$AL42, $P42:$AL42 <> """"), 4),)"),"") | K42: =IFERROR(__xludf.DUMMYFUNCTION("IFERROR(INDEX(FILTER($P42:$AL42, $P42:$AL42 <> """"), 5),)"),"") | P42: =IF(COUNTIF('Fintech-A'!$A:$A, $C42), P$1, "") | Q42: =IF(COUNTIF('Fintech-B'!$A:$A, $C42), Q$1, "") | R42: =IF(COUNTIF('BEDM-A'!$A:$A, $C42), R$1, "") | S42: =IF(COUNTIF('BEDM-B'!$A:$A, $C42), S$1, "") | T42: =IF(COUNTIF('Art-A'!$A:$A, $C42), T$1, "") | U42: =IF(COUNTIF('Art-B'!$A:$A, $C42), U$1, "") | V42: =IF(COUNTIF('WH-A'!$A:$A, $C42), V$1, "") -> Workplace Happiness: Science & Practice (A) | W42: =IF(COUNTIF('WH-B'!$A:$A, $C42), W$1, "") | X42: =IF(COUNTIF(LETV!$A:$A, $C42), X$1, "") -> Leadership Excellence Through Values : Wisdom from the Mahabharata | Y42: =IF(COUNTIF('Film&Firm-A'!$A:$A, $C42), Y$1, "") | Z42: =IF(COUNTIF('Film&Firm-B'!$A:$A, $C42), Z$1, "") | AA42: =IF(COUNTIF(SHRM!$A:$A, $C42), AA$1, "") | AB42: =IF(COUNTIF('SCM-A'!$A:$A, $C42), AB$1, "") | AC42: =IF(COUNTIF('SCM-B'!$A:$A, $C42), AC$1, "") | AD42: =IF(COUNTIF(AIS!$A:$A, $C42), AD$1, "") | AE42: =IF(COUNTIF(EB!$A:$A, $C42), AE$1, "") | AF42: =IF(COUNTIF('AIAM-A'!$A:$A, $C42), AF$1, "") | AG42: =IF(COUNTIF('AIAM-B'!$A:$A, $C42), AG$1, "") | AH42: =IF(COUNTIF('SA-A'!$A:$A, $C42), AH$1, "") | AI42: =IF(COUNTIF('SA-B'!$A:$A, $C42), AI$1, "") | AJ42: =IF(COUNTIF(CSM!$A:$A, $C42), AJ$1, "") | AK42: =IF(COUNTIF(EM!$A:$A, $C42), AK$1, "") | AL42: =IF(COUNTIF(I4TS!$A:$A, $C42), AL$1, "") -> Industry 4.0 in Transport Sector
A43: 42 | B43: A | C43: M046-24 | D43: Rumani | E43: rumani.24m@iimranchi.ac.in | F43: =COUNTA(G43:K43) -> 5 | G43: =IFERROR(__xludf.DUMMYFUNCTION("INDEX(FILTER($P43:$AL43, $P43:$AL43 <> """"), 1)"),"The Art, Craft, and Science of Management: Learning through Classics and Best Collections (A)") -> The Art, Craft, and Science of Management: Learning through Classics and Best Collections (A) | H43: =IFERROR(__xludf.DUMMYFUNCTION("INDEX(FILTER($P43:$AL43, $P43:$AL43 <> """"), 2)"),"Film & the Firm: Visual Culture in Business Contexts (A)") -> Film & the Firm: Visual Culture in Business Contexts (A) | I43: =IFERROR(__xludf.DUMMYFUNCTION("INDEX(FILTER($P43:$AL43, $P43:$AL43 <> """"), 3)"),"Strategic HRM") -> Strategic HRM | J43: =IFERROR(__xludf.DUMMYFUNCTION("IFERROR(INDEX(FILTER($P43:$AL43, $P43:$AL43 <> """"), 4),)"),"") | K43: =IFERROR(__xludf.DUMMYFUNCTION("IFERROR(INDEX(FILTER($P43:$AL43, $P43:$AL43 <> """"), 5),)"),"") | P43: =IF(COUNTIF('Fintech-A'!$A:$A, $C43), P$1, "") | Q43: =IF(COUNTIF('Fintech-B'!$A:$A, $C43), Q$1, "") | R43: =IF(COUNTIF('BEDM-A'!$A:$A, $C43), R$1, "") | S43: =IF(COUNTIF('BEDM-B'!$A:$A, $C43), S$1, "") | T43: =IF(COUNTIF('Art-A'!$A:$A, $C43), T$1, "") -> The Art, Craft, and Science of Management: Learning through Classics and Best Collections (A) | U43: =IF(COUNTIF('Art-B'!$A:$A, $C43), U$1, "") | V43: =IF(COUNTIF('WH-A'!$A:$A, $C43), V$1, "") | W43: =IF(COUNTIF('WH-B'!$A:$A, $C43), W$1, "") | X43: =IF(COUNTIF(LETV!$A:$A, $C43), X$1, "") | Y43: =IF(COUNTIF('Film&Firm-A'!$A:$A, $C43), Y$1, "") -> Film & the Firm: Visual Culture in Business Contexts (A) | Z43: =IF(COUNTIF('Film&Firm-B'!$A:$A, $C43), Z$1, "") | AA43: =IF(COUNTIF(SHRM!$A:$A, $C43), AA$1, "") -> Strategic HRM | AB43: =IF(COUNTIF('SCM-A'!$A:$A, $C43), AB$1, "") | AC43: =IF(COUNTIF('SCM-B'!$A:$A, $C43), AC$1, "") | AD43: =IF(COUNTIF(AIS!$A:$A, $C43), AD$1, "") | AE43: =IF(COUNTIF(EB!$A:$A, $C43), AE$1, "") | AF43: =IF(COUNTIF('AIAM-A'!$A:$A, $C43), AF$1, "") | AG43: =IF(COUNTIF('AIAM-B'!$A:$A, $C43), AG$1, "") | AH43: =IF(COUNTIF('SA-A'!$A:$A, $C43), AH$1, "") | AI43: =IF(COUNTIF('SA-B'!$A:$A, $C43), AI$1, "") | AJ43: =IF(COUNTIF(CSM!$A:$A, $C43), AJ$1, "") | AK43: =IF(COUNTIF(EM!$A:$A, $C43), AK$1, "") | AL43: =IF(COUNTIF(I4TS!$A:$A, $C43), AL$1, "")
A44: 43 | B44: A | C44: M047-24 | D44: Sachin Kumar | E44: sachin.kumar24m@iimranchi.ac.in | F44: =COUNTA(G44:K44) -> 5 | G44: =IFERROR(__xludf.DUMMYFUNCTION("INDEX(FILTER($P44:$AL44, $P44:$AL44 <> """"), 1)"),"Employer Branding") -> Employer Branding | H44: =IFERROR(__xludf.DUMMYFUNCTION("INDEX(FILTER($P44:$AL44, $P44:$AL44 <> """"), 2)"),"SPORTS ANALYTICS (B)") -> SPORTS ANALYTICS (B) | I44: =IFERROR(__xludf.DUMMYFUNCTION("INDEX(FILTER($P44:$AL44, $P44:$AL44 <> """"), 3)"),"Customer Success Management") -> Customer Success Management | J44: =IFERROR(__xludf.DUMMYFUNCTION("IFERROR(INDEX(FILTER($P44:$AL44, $P44:$AL44 <> """"), 4),)"),"") | K44: =IFERROR(__xludf.DUMMYFUNCTION("IFERROR(INDEX(FILTER($P44:$AL44, $P44:$AL44 <> """"), 5),)"),"") | P44: =IF(COUNTIF('Fintech-A'!$A:$A, $C44), P$1, "") | Q44: =IF(COUNTIF('Fintech-B'!$A:$A, $C44), Q$1, "") | R44: =IF(COUNTIF('BEDM-A'!$A:$A, $C44), R$1, "") | S44: =IF(COUNTIF('BEDM-B'!$A:$A, $C44), S$1, "") | T44: =IF(COUNTIF('Art-A'!$A:$A, $C44), T$1, "") | U44: =IF(COUNTIF('Art-B'!$A:$A, $C44), U$1, "") | V44: =IF(COUNTIF('WH-A'!$A:$A, $C44), V$1, "") | W44: =IF(COUNTIF('WH-B'!$A:$A, $C44), W$1, "") | X44: =IF(COUNTIF(LETV!$A:$A, $C44), X$1, "") | Y44: =IF(COUNTIF('Film&Firm-A'!$A:$A, $C44), Y$1, "") | Z44: =IF(COUNTIF('Film&Firm-B'!$A:$A, $C44), Z$1, "") | AA44: =IF(COUNTIF(SHRM!$A:$A, $C44), AA$1, "") | AB44: =IF(COUNTIF('SCM-A'!$A:$A, $C44), AB$1, "") | AC44: =IF(COUNTIF('SCM-B'!$A:$A, $C44), AC$1, "") | AD44: =IF(COUNTIF(AIS!$A:$A, $C44), AD$1, "") | AE44: =IF(COUNTIF(EB!$A:$A, $C44), AE$1, "") -> Employer Branding | AF44: =IF(COUNTIF('AIAM-A'!$A:$A, $C44), AF$1, "") | AG44: =IF(COUNTIF('AIAM-B'!$A:$A, $C44), AG$1, "") | AH44: =IF(COUNTIF('SA-A'!$A:$A, $C44), AH$1, "") | AI44: =IF(COUNTIF('SA-B'!$A:$A, $C44), AI$1, "") -> SPORTS ANALYTICS (B) | AJ44: =IF(COUNTIF(CSM!$A:$A, $C44), AJ$1, "") -> Customer Success Management | AK44: =IF(COUNTIF(EM!$A:$A, $C44), AK$1, "") | AL44: =IF(COUNTIF(I4TS!$A:$A, $C44), AL$1, "")
A45: 44 | B45: A | C45: M048-24 | D45: Sanath Yesurke | E45: sanath.yesurke24m@iimranchi.ac.in | F45: =COUNTA(G45:K45) -> 5 | G45: =IFERROR(__xludf.DUMMYFUNCTION("INDEX(FILTER($P45:$AL45, $P45:$AL45 <> """"), 1)"),"The Art, Craft, and Science of Management: Learning through Classics and Best Collections (B)") -> The Art, Craft, and Science of Management: Learning through Classics and Best Collections (B) | H45: =IFERROR(__xludf.DUMMYFUNCTION("INDEX(FILTER($P45:$AL45, $P45:$AL45 <> """"), 2)"),"Workplace Happiness: Science & Practice (B)") -> Workplace Happiness: Science & Practice (B) | I45: =IFERROR(__xludf.DUMMYFUNCTION("INDEX(FILTER($P45:$AL45, $P45:$AL45 <> """"), 3)"),"Strategic Career Management (B)") -> Strategic Career Management (B) | J45: =IFERROR(__xludf.DUMMYFUNCTION("IFERROR(INDEX(FILTER($P45:$AL45, $P45:$AL45 <> """"), 4),)"),"") | K45: =IFERROR(__xludf.DUMMYFUNCTION("IFERROR(INDEX(FILTER($P45:$AL45, $P45:$AL45 <> """"), 5),)"),"") | P45: =IF(COUNTIF('Fintech-A'!$A:$A, $C45), P$1, "") | Q45: =IF(COUNTIF('Fintech-B'!$A:$A, $C45), Q$1, "") | R45: =IF(COUNTIF('BEDM-A'!$A:$A, $C45), R$1, "") | S45: =IF(COUNTIF('BEDM-B'!$A:$A, $C45), S$1, "") | T45: =IF(COUNTIF('Art-A'!$A:$A, $C45), T$1, "") | U45: =IF(COUNTIF('Art-B'!$A:$A, $C45), U$1, "") -> The Art, Craft, and Science of Management: Learning through Classics and Best Collections (B) | V45: =IF(COUNTIF('WH-A'!$A:$A, $C45), V$1, "") | W45: =IF(COUNTIF('WH-B'!$A:$A, $C45), W$1, "") -> Workplace Happiness: Science & Practice (B) | X45: =IF(COUNTIF(LETV!$A:$A, $C45), X$1, "") | Y45: =IF(COUNTIF('Film&Firm-A'!$A:$A, $C45), Y$1, "") | Z45: =IF(COUNTIF('Film&Firm-B'!$A:$A, $C45), Z$1, "") | AA45: =IF(COUNTIF(SHRM!$A:$A, $C45), AA$1, "") | AB45: =IF(COUNTIF('SCM-A'!$A:$A, $C45), AB$1, "") | AC45: =IF(COUNTIF('SCM-B'!$A:$A, $C45), AC$1, "") -> Strategic Career Management (B) | AD45: =IF(COUNTIF(AIS!$A:$A, $C45), AD$1, "") | AE45: =IF(COUNTIF(EB!$A:$A, $C45), AE$1, "") | AF45: =IF(COUNTIF('AIAM-A'!$A:$A, $C45), AF$1, "") | AG45: =IF(COUNTIF('AIAM-B'!$A:$A, $C45), AG$1, "") | AH45: =IF(COUNTIF('SA-A'!$A:$A, $C45), AH$1, "") | AI45: =IF(COUNTIF('SA-B'!$A:$A, $C45), AI$1, "") | AJ45: =IF(COUNTIF(CSM!$A:$A, $C45), AJ$1, "") | AK45: =IF(COUNTIF(EM!$A:$A, $C45), AK$1, "") | AL45: =IF(COUNTIF(I4TS!$A:$A, $C45), AL$1, "")
A46: 45 | B46: A | C46: M049-24 | D46: Sanjana Sarraf | E46: sanjana.sarraf24m@iimranchi.ac.in | F46: =COUNTA(G46:K46) -> 5 | G46: =IFERROR(__xludf.DUMMYFUNCTION("INDEX(FILTER($P46:$AL46, $P46:$AL46 <> """"), 1)"),"Strategic Career Management (A)") -> Strategic Career Management (A) | H46: =IFERROR(__xludf.DUMMYFUNCTION("INDEX(FILTER($P46:$AL46, $P46:$AL46 <> """"), 2)"),"AI AND STRATEGY") -> AI AND STRATEGY | I46: =IFERROR(__xludf.DUMMYFUNCTION("INDEX(FILTER($P46:$AL46, $P46:$AL46 <> """"), 3)"),"Entrepreneurial Marketing") -> Entrepreneurial Marketing | J46: =IFERROR(__xludf.DUMMYFUNCTION("IFERROR(INDEX(FILTER($P46:$AL46, $P46:$AL46 <> """"), 4),)"),"") | K46: =IFERROR(__xludf.DUMMYFUNCTION("IFERROR(INDEX(FILTER($P46:$AL46, $P46:$AL46 <> """"), 5),)"),"") | P46: =IF(COUNTIF('Fintech-A'!$A:$A, $C46), P$1, "") | Q46: =IF(COUNTIF('Fintech-B'!$A:$A, $C46), Q$1, "") | R46: =IF(COUNTIF('BEDM-A'!$A:$A, $C46), R$1, "") | S46: =IF(COUNTIF('BEDM-B'!$A:$A, $C46), S$1, "") | T46: =IF(COUNTIF('Art-A'!$A:$A, $C46), T$1, "") | U46: =IF(COUNTIF('Art-B'!$A:$A, $C46), U$1, "") | V46: =IF(COUNTIF('WH-A'!$A:$A, $C46), V$1, "") | W46: =IF(COUNTIF('WH-B'!$A:$A, $C46), W$1, "") | X46: =IF(COUNTIF(LETV!$A:$A, $C46), X$1, "") | Y46: =IF(COUNTIF('Film&Firm-A'!$A:$A, $C46), Y$1, "") | Z46: =IF(COUNTIF('Film&Firm-B'!$A:$A, $C46), Z$1, "") | AA46: =IF(COUNTIF(SHRM!$A:$A, $C46), AA$1, "") | AB46: =IF(COUNTIF('SCM-A'!$A:$A, $C46), AB$1, "") -> Strategic Career Management (A) | AC46: =IF(COUNTIF('SCM-B'!$A:$A, $C46), AC$1, "") | AD46: =IF(COUNTIF(AIS!$A:$A, $C46), AD$1, "") -> AI AND STRATEGY | AE46: =IF(COUNTIF(EB!$A:$A, $C46), AE$1, "") | AF46: =IF(COUNTIF('AIAM-A'!$A:$A, $C46), AF$1, "") | AG46: =IF(COUNTIF('AIAM-B'!$A:$A, $C46), AG$1, "") | AH46: =IF(COUNTIF('SA-A'!$A:$A, $C46), AH$1, "") | AI46: =IF(COUNTIF('SA-B'!$A:$A, $C46), AI$1, "") | AJ46: =IF(COUNTIF(CSM!$A:$A, $C46), AJ$1, "") | AK46: =IF(COUNTIF(EM!$A:$A, $C46), AK$1, "") -> Entrepreneurial Marketing | AL46: =IF(COUNTIF(I4TS!$A:$A, $C46), AL$1, "")
A47: 46 | B47: A | C47: M051-24 | D47: Shipra Yadav | E47: shipra.yadav24m@iimranchi.ac.in | F47: =COUNTA(G47:K47) -> 5 | G47: =IFERROR(__xludf.DUMMYFUNCTION("INDEX(FILTER($P47:$AL47, $P47:$AL47 <> """"), 1)"),"Workplace Happiness: Science & Practice (A)") -> Workplace Happiness: Science & Practice (A) | H47: =IFERROR(__xludf.DUMMYFUNCTION("INDEX(FILTER($P47:$AL47, $P47:$AL47 <> """"), 2)"),"Film & the Firm: Visual Culture in Business Contexts (B)") -> Film & the Firm: Visual Culture in Business Contexts (B) | I47: =IFERROR(__xludf.DUMMYFUNCTION("INDEX(FILTER($P47:$AL47, $P47:$AL47 <> """"), 3)"),"Strategic Career Management (A)") -> Strategic Career Management (A) | J47: =IFERROR(__xludf.DUMMYFUNCTION("IFERROR(INDEX(FILTER($P47:$AL47, $P47:$AL47 <> """"), 4),)"),"") | K47: =IFERROR(__xludf.DUMMYFUNCTION("IFERROR(INDEX(FILTER($P47:$AL47, $P47:$AL47 <> """"), 5),)"),"") | P47: =IF(COUNTIF('Fintech-A'!$A:$A, $C47), P$1, "") | Q47: =IF(COUNTIF('Fintech-B'!$A:$A, $C47), Q$1, "") | R47: =IF(COUNTIF('BEDM-A'!$A:$A, $C47), R$1, "") | S47: =IF(COUNTIF('BEDM-B'!$A:$A, $C47), S$1, "") | T47: =IF(COUNTIF('Art-A'!$A:$A, $C47), T$1, "") | U47: =IF(COUNTIF('Art-B'!$A:$A, $C47), U$1, "") | V47: =IF(COUNTIF('WH-A'!$A:$A, $C47), V$1, "") -> Workplace Happiness: Science & Practice (A) | W47: =IF(COUNTIF('WH-B'!$A:$A, $C47), W$1, "") | X47: =IF(COUNTIF(LETV!$A:$A, $C47), X$1, "") | Y47: =IF(COUNTIF('Film&Firm-A'!$A:$A, $C47), Y$1, "") | Z47: =IF(COUNTIF('Film&Firm-B'!$A:$A, $C47), Z$1, "") -> Film & the Firm: Visual Culture in Business Contexts (B) | AA47: =IF(COUNTIF(SHRM!$A:$A, $C47), AA$1, "") | AB47: =IF(COUNTIF('SCM-A'!$A:$A, $C47), AB$1, "") -> Strategic Career Management (A) | AC47: =IF(COUNTIF('SCM-B'!$A:$A, $C47), AC$1, "") | AD47: =IF(COUNTIF(AIS!$A:$A, $C47), AD$1, "") | AE47: =IF(COUNTIF(EB!$A:$A, $C47), AE$1, "") | AF47: =IF(COUNTIF('AIAM-A'!$A:$A, $C47), AF$1, "") | AG47: =IF(COUNTIF('AIAM-B'!$A:$A, $C47), AG$1, "") | AH47: =IF(COUNTIF('SA-A'!$A:$A, $C47), AH$1, "") | AI47: =IF(COUNTIF('SA-B'!$A:$A, $C47), AI$1, "") | AJ47: =IF(COUNTIF(CSM!$A:$A, $C47), AJ$1, "") | AK47: =IF(COUNTIF(EM!$A:$A, $C47), AK$1, "") | AL47: =IF(COUNTIF(I4TS!$A:$A, $C47), AL$1, "")
A48: 47 | B48: A | C48: M052-24 | D48: Vaibhav Chauhan | E48: vaibhav.chauhan24m@iimranchi.ac.in | F48: =COUNTA(G48:K48) -> 5 | G48: =IFERROR(__xludf.DUMMYFUNCTION("INDEX(FILTER($P48:$AL48, $P48:$AL48 <> """"), 1)"),"Fintech (Digital Transformation in Finance) (B)") -> Fintech (Digital Transformation in Finance) (B) | H48: =IFERROR(__xludf.DUMMYFUNCTION("INDEX(FILTER($P48:$AL48, $P48:$AL48 <> """"), 2)"),"AI Applications in Marketing (B)") -> AI Applications in Marketing (B) | I48: =IFERROR(__xludf.DUMMYFUNCTION("INDEX(FILTER($P48:$AL48, $P48:$AL48 <> """"), 3)"),"Industry 4.0 in Transport Sector") -> Industry 4.0 in Transport Sector | J48: =IFERROR(__xludf.DUMMYFUNCTION("IFERROR(INDEX(FILTER($P48:$AL48, $P48:$AL48 <> """"), 4),)"),"") | K48: =IFERROR(__xludf.DUMMYFUNCTION("IFERROR(INDEX(FILTER($P48:$AL48, $P48:$AL48 <> """"), 5),)"),"") | P48: =IF(COUNTIF('Fintech-A'!$A:$A, $C48), P$1, "") | Q48: =IF(COUNTIF('Fintech-B'!$A:$A, $C48), Q$1, "") -> Fintech (Digital Transformation in Finance) (B) | R48: =IF(COUNTIF('BEDM-A'!$A:$A, $C48), R$1, "") | S48: =IF(COUNTIF('BEDM-B'!$A:$A, $C48), S$1, "") | T48: =IF(COUNTIF('Art-A'!$A:$A, $C48), T$1, "") | U48: =IF(COUNTIF('Art-B'!$A:$A, $C48), U$1, "") | V48: =IF(COUNTIF('WH-A'!$A:$A, $C48), V$1, "") | W48: =IF(COUNTIF('WH-B'!$A:$A, $C48), W$1, "") | X48: =IF(COUNTIF(LETV!$A:$A, $C48), X$1, "") | Y48: =IF(COUNTIF('Film&Firm-A'!$A:$A, $C48), Y$1, "") | Z48: =IF(COUNTIF('Film&Firm-B'!$A:$A, $C48), Z$1, "") | AA48: =IF(COUNTIF(SHRM!$A:$A, $C48), AA$1, "") | AB48: =IF(COUNTIF('SCM-A'!$A:$A, $C48), AB$1, "") | AC48: =IF(COUNTIF('SCM-B'!$A:$A, $C48), AC$1, "") | AD48: =IF(COUNTIF(AIS!$A:$A, $C48), AD$1, "") | AE48: =IF(COUNTIF(EB!$A:$A, $C48), AE$1, "") | AF48: =IF(COUNTIF('AIAM-A'!$A:$A, $C48), AF$1, "") | AG48: =IF(COUNTIF('AIAM-B'!$A:$A, $C48), AG$1, "") -> AI Applications in Marketing (B) | AH48: =IF(COUNTIF('SA-A'!$A:$A, $C48), AH$1, "") | AI48: =IF(COUNTIF('SA-B'!$A:$A, $C48), AI$1, "") | AJ48: =IF(COUNTIF(CSM!$A:$A, $C48), AJ$1, "") | AK48: =IF(COUNTIF(EM!$A:$A, $C48), AK$1, "") | AL48: =IF(COUNTIF(I4TS!$A:$A, $C48), AL$1, "") -> Industry 4.0 in Transport Sector
A49: 48 | B49: A | C49: M053-24 | D49: Vijay Singh Bhadauria | E49: vijay.singhbhadauria24m@iimranchi.ac.in | F49: =COUNTA(G49:K49) -> 5 | G49: =IFERROR(__xludf.DUMMYFUNCTION("INDEX(FILTER($P49:$AL49, $P49:$AL49 <> """"), 1)"),"Fintech (Digital Transformation in Finance) (B)") -> Fintech (Digital Transformation in Finance) (B) | H49: =IFERROR(__xludf.DUMMYFUNCTION("INDEX(FILTER($P49:$AL49, $P49:$AL49 <> """"), 2)"),"Behavioural Economics and Decision-Making (B)") -> Behavioural Economics and Decision-Making (B) | I49: =IFERROR(__xludf.DUMMYFUNCTION("INDEX(FILTER($P49:$AL49, $P49:$AL49 <> """"), 3)"),"AI Applications in Marketing (A)") -> AI Applications in Marketing (A) | J49: =IFERROR(__xludf.DUMMYFUNCTION("IFERROR(INDEX(FILTER($P49:$AL49, $P49:$AL49 <> """"), 4),)"),"") | K49: =IFERROR(__xludf.DUMMYFUNCTION("IFERROR(INDEX(FILTER($P49:$AL49, $P49:$AL49 <> """"), 5),)"),"") | P49: =IF(COUNTIF('Fintech-A'!$A:$A, $C49), P$1, "") | Q49: =IF(COUNTIF('Fintech-B'!$A:$A, $C49), Q$1, "") -> Fintech (Digital Transformation in Finance) (B) | R49: =IF(COUNTIF('BEDM-A'!$A:$A, $C49), R$1, "") | S49: =IF(COUNTIF('BEDM-B'!$A:$A, $C49), S$1, "") -> Behavioural Economics and Decision-Making (B) | T49: =IF(COUNTIF('Art-A'!$A:$A, $C49), T$1, "") | U49: =IF(COUNTIF('Art-B'!$A:$A, $C49), U$1, "") | V49: =IF(COUNTIF('WH-A'!$A:$A, $C49), V$1, "") | W49: =IF(COUNTIF('WH-B'!$A:$A, $C49), W$1, "") | X49: =IF(COUNTIF(LETV!$A:$A, $C49), X$1, "") | Y49: =IF(COUNTIF('Film&Firm-A'!$A:$A, $C49), Y$1, "") | Z49: =IF(COUNTIF('Film&Firm-B'!$A:$A, $C49), Z$1, "") | AA49: =IF(COUNTIF(SHRM!$A:$A, $C49), AA$1, "") | AB49: =IF(COUNTIF('SCM-A'!$A:$A, $C49), AB$1, "") | AC49: =IF(COUNTIF('SCM-B'!$A:$A, $C49), AC$1, "") | AD49: =IF(COUNTIF(AIS!$A:$A, $C49), AD$1, "") | AE49: =IF(COUNTIF(EB!$A:$A, $C49), AE$1, "") | AF49: =IF(COUNTIF('AIAM-A'!$A:$A, $C49), AF$1, "") -> AI Applications in Marketing (A) | AG49: =IF(COUNTIF('AIAM-B'!$A:$A, $C49), AG$1, "") | AH49: =IF(COUNTIF('SA-A'!$A:$A, $C49), AH$1, "") | AI49: =IF(COUNTIF('SA-B'!$A:$A, $C49), AI$1, "") | AJ49: =IF(COUNTIF(CSM!$A:$A, $C49), AJ$1, "") | AK49: =IF(COUNTIF(EM!$A:$A, $C49), AK$1, "") | AL49: =IF(COUNTIF(I4TS!$A:$A, $C49), AL$1, "")
A50: 49 | B50: A | C50: M055-24 | D50: Yash Kumar | E50: yash.kumar24m@iimranchi.ac.in | F50: =COUNTA(G50:K50) -> 5 | G50: =IFERROR(__xludf.DUMMYFUNCTION("INDEX(FILTER($P50:$AL50, $P50:$AL50 <> """"), 1)"),"Film & the Firm: Visual Culture in Business Contexts (B)") -> Film & the Firm: Visual Culture in Business Contexts (B) | H50: =IFERROR(__xludf.DUMMYFUNCTION("INDEX(FILTER($P50:$AL50, $P50:$AL50 <> """"), 2)"),"Strategic Career Management (A)") -> Strategic Career Management (A) | I50: =IFERROR(__xludf.DUMMYFUNCTION("INDEX(FILTER($P50:$AL50, $P50:$AL50 <> """"), 3)"),"AI Applications in Marketing (A)") -> AI Applications in Marketing (A) | J50: =IFERROR(__xludf.DUMMYFUNCTION("IFERROR(INDEX(FILTER($P50:$AL50, $P50:$AL50 <> """"), 4),)"),"") | K50: =IFERROR(__xludf.DUMMYFUNCTION("IFERROR(INDEX(FILTER($P50:$AL50, $P50:$AL50 <> """"), 5),)"),"") | P50: =IF(COUNTIF('Fintech-A'!$A:$A, $C50), P$1, "") | Q50: =IF(COUNTIF('Fintech-B'!$A:$A, $C50), Q$1, "") | R50: =IF(COUNTIF('BEDM-A'!$A:$A, $C50), R$1, "") | S50: =IF(COUNTIF('BEDM-B'!$A:$A, $C50), S$1, "") | T50: =IF(COUNTIF('Art-A'!$A:$A, $C50), T$1, "") | U50: =IF(COUNTIF('Art-B'!$A:$A, $C50), U$1, "") | V50: =IF(COUNTIF('WH-A'!$A:$A, $C50), V$1, "") | W50: =IF(COUNTIF('WH-B'!$A:$A, $C50), W$1, "") | X50: =IF(COUNTIF(LETV!$A:$A, $C50), X$1, "") | Y50: =IF(COUNTIF('Film&Firm-A'!$A:$A, $C50), Y$1, "") | Z50: =IF(COUNTIF('Film&Firm-B'!$A:$A, $C50), Z$1, "") -> Film & the Firm: Visual Culture in Business Contexts (B) | AA50: =IF(COUNTIF(SHRM!$A:$A, $C50), AA$1, "") | AB50: =IF(COUNTIF('SCM-A'!$A:$A, $C50), AB$1, "") -> Strategic Career Management (A) | AC50: =IF(COUNTIF('SCM-B'!$A:$A, $C50), AC$1, "") | AD50: =IF(COUNTIF(AIS!$A:$A, $C50), AD$1, "") | AE50: =IF(COUNTIF(EB!$A:$A, $C50), AE$1, "") | AF50: =IF(COUNTIF('AIAM-A'!$A:$A, $C50), AF$1, "") -> AI Applications in Marketing (A) | AG50: =IF(COUNTIF('AIAM-B'!$A:$A, $C50), AG$1, "") | AH50: =IF(COUNTIF('SA-A'!$A:$A, $C50), AH$1, "") | AI50: =IF(COUNTIF('SA-B'!$A:$A, $C50), AI$1, "") | AJ50: =IF(COUNTIF(CSM!$A:$A, $C50), AJ$1, "") | AK50: =IF(COUNTIF(EM!$A:$A, $C50), AK$1, "") | AL50: =IF(COUNTIF(I4TS!$A:$A, $C50), AL$1, "")
A51: 50 | B51: A | C51: M186-23 | D51: Nisha Vishwakarma | E51: nisha.vishwakarma23@iimranchi.ac.in | F51: =COUNTA(G51:K51) -> 5 | G51: =IFERROR(__xludf.DUMMYFUNCTION("INDEX(FILTER($P51:$AL51, $P51:$AL51 <> """"), 1)"),"The Art, Craft, and Science of Management: Learning through Classics and Best Collections (B)") -> The Art, Craft, and Science of Management: Learning through Classics and Best Collections (B) | H51: =IFERROR(__xludf.DUMMYFUNCTION("INDEX(FILTER($P51:$AL51, $P51:$AL51 <> """"), 2)"),"Workplace Happiness: Science & Practice (A)") -> Workplace Happiness: Science & Practice (A) | I51: =IFERROR(__xludf.DUMMYFUNCTION("INDEX(FILTER($P51:$AL51, $P51:$AL51 <> """"), 3)"),"Film & the Firm: Visual Culture in Business Contexts (A)") -> Film & the Firm: Visual Culture in Business Contexts (A) | J51: =IFERROR(__xludf.DUMMYFUNCTION("IFERROR(INDEX(FILTER($P51:$AL51, $P51:$AL51 <> """"), 4),)"),"") | K51: =IFERROR(__xludf.DUMMYFUNCTION("IFERROR(INDEX(FILTER($P51:$AL51, $P51:$AL51 <> """"), 5),)"),"") | P51: =IF(COUNTIF('Fintech-A'!$A:$A, $C51), P$1, "") | Q51: =IF(COUNTIF('Fintech-B'!$A:$A, $C51), Q$1, "") | R51: =IF(COUNTIF('BEDM-A'!$A:$A, $C51), R$1, "") | S51: =IF(COUNTIF('BEDM-B'!$A:$A, $C51), S$1, "") | T51: =IF(COUNTIF('Art-A'!$A:$A, $C51), T$1, "") | U51: =IF(COUNTIF('Art-B'!$A:$A, $C51), U$1, "") -> The Art, Craft, and Science of Management: Learning through Classics and Best Collections (B) | V51: =IF(COUNTIF('WH-A'!$A:$A, $C51), V$1, "") -> Workplace Happiness: Science & Practice (A) | W51: =IF(COUNTIF('WH-B'!$A:$A, $C51), W$1, "") | X51: =IF(COUNTIF(LETV!$A:$A, $C51), X$1, "") | Y51: =IF(COUNTIF('Film&Firm-A'!$A:$A, $C51), Y$1, "") -> Film & the Firm: Visual Culture in Business Contexts (A) | Z51: =IF(COUNTIF('Film&Firm-B'!$A:$A, $C51), Z$1, "") | AA51: =IF(COUNTIF(SHRM!$A:$A, $C51), AA$1, "") | AB51: =IF(COUNTIF('SCM-A'!$A:$A, $C51), AB$1, "") | AC51: =IF(COUNTIF('SCM-B'!$A:$A, $C51), AC$1, "") | AD51: =IF(COUNTIF(AIS!$A:$A, $C51), AD$1, "") | AE51: =IF(COUNTIF(EB!$A:$A, $C51), AE$1, "") | AF51: =IF(COUNTIF('AIAM-A'!$A:$A, $C51), AF$1, "") | AG51: =IF(COUNTIF('AIAM-B'!$A:$A, $C51), AG$1, "") | AH51: =IF(COUNTIF('SA-A'!$A:$A, $C51), AH$1, "") | AI51: =IF(COUNTIF('SA-B'!$A:$A, $C51), AI$1, "") | AJ51: =IF(COUNTIF(CSM!$A:$A, $C51), AJ$1, "") | AK51: =IF(COUNTIF(EM!$A:$A, $C51), AK$1, "") | AL51: =IF(COUNTIF(I4TS!$A:$A, $C51), AL$1, "")
A52: 51 | B52: A | C52: IPM005-21 | D52: Aditi Agrawal | E52: aditi.agrawali21@iimranchi.ac.in | F52: =COUNTA(G52:K52) -> 5 | G52: =IFERROR(__xludf.DUMMYFUNCTION("INDEX(FILTER($P52:$AL52, $P52:$AL52 <> """"), 1)"),"Behavioural Economics and Decision-Making (A)") -> Behavioural Economics and Decision-Making (A) | H52: =IFERROR(__xludf.DUMMYFUNCTION("INDEX(FILTER($P52:$AL52, $P52:$AL52 <> """"), 2)"),"Workplace Happiness: Science & Practice (B)") -> Workplace Happiness: Science & Practice (B) | I52: =IFERROR(__xludf.DUMMYFUNCTION("INDEX(FILTER($P52:$AL52, $P52:$AL52 <> """"), 3)"),"AI Applications in Marketing (A)") -> AI Applications in Marketing (A) | J52: =IFERROR(__xludf.DUMMYFUNCTION("IFERROR(INDEX(FILTER($P52:$AL52, $P52:$AL52 <> """"), 4),)"),"") | K52: =IFERROR(__xludf.DUMMYFUNCTION("IFERROR(INDEX(FILTER($P52:$AL52, $P52:$AL52 <> """"), 5),)"),"") | P52: =IF(COUNTIF('Fintech-A'!$A:$A, $C52), P$1, "") | Q52: =IF(COUNTIF('Fintech-B'!$A:$A, $C52), Q$1, "") | R52: =IF(COUNTIF('BEDM-A'!$A:$A, $C52), R$1, "") -> Behavioural Economics and Decision-Making (A) | S52: =IF(COUNTIF('BEDM-B'!$A:$A, $C52), S$1, "") | T52: =IF(COUNTIF('Art-A'!$A:$A, $C52), T$1, "") | U52: =IF(COUNTIF('Art-B'!$A:$A, $C52), U$1, "") | V52: =IF(COUNTIF('WH-A'!$A:$A, $C52), V$1, "") | W52: =IF(COUNTIF('WH-B'!$A:$A, $C52), W$1, "") -> Workplace Happiness: Science & Practice (B) | X52: =IF(COUNTIF(LETV!$A:$A, $C52), X$1, "") | Y52: =IF(COUNTIF('Film&Firm-A'!$A:$A, $C52), Y$1, "") | Z52: =IF(COUNTIF('Film&Firm-B'!$A:$A, $C52), Z$1, "") | AA52: =IF(COUNTIF(SHRM!$A:$A, $C52), AA$1, "") | AB52: =IF(COUNTIF('SCM-A'!$A:$A, $C52), AB$1, "") | AC52: =IF(COUNTIF('SCM-B'!$A:$A, $C52), AC$1, "") | AD52: =IF(COUNTIF(AIS!$A:$A, $C52), AD$1, "") | AE52: =IF(COUNTIF(EB!$A:$A, $C52), AE$1, "") | AF52: =IF(COUNTIF('AIAM-A'!$A:$A, $C52), AF$1, "") -> AI Applications in Marketing (A) | AG52: =IF(COUNTIF('AIAM-B'!$A:$A, $C52), AG$1, "") | AH52: =IF(COUNTIF('SA-A'!$A:$A, $C52), AH$1, "") | AI52: =IF(COUNTIF('SA-B'!$A:$A, $C52), AI$1, "") | AJ52: =IF(COUNTIF(CSM!$A:$A, $C52), AJ$1, "") | AK52: =IF(COUNTIF(EM!$A:$A, $C52), AK$1, "") | AL52: =IF(COUNTIF(I4TS!$A:$A, $C52), AL$1, "")
A53: 52 | B53: A | C53: IPM067-21 | D53: Apurva Walase | E53: apurvahanumant.walaseI21@iimranchi.ac.in | F53: =COUNTA(G53:K53) -> 5 | G53: =IFERROR(__xludf.DUMMYFUNCTION("INDEX(FILTER($P53:$AL53, $P53:$AL53 <> """"), 1)"),"The Art, Craft, and Science of Management: Learning through Classics and Best Collections (A)") -> The Art, Craft, and Science of Management: Learning through Classics and Best Collections (A) | H53: =IFERROR(__xludf.DUMMYFUNCTION("INDEX(FILTER($P53:$AL53, $P53:$AL53 <> """"), 2)"),"Workplace Happiness: Science & Practice (A)") -> Workplace Happiness: Science & Practice (A) | I53: =IFERROR(__xludf.DUMMYFUNCTION("INDEX(FILTER($P53:$AL53, $P53:$AL53 <> """"), 3)"),"Leadership Excellence Through Values : Wisdom from the Mahabharata") -> Leadership Excellence Through Values : Wisdom from the Mahabharata | J53: =IFERROR(__xludf.DUMMYFUNCTION("IFERROR(INDEX(FILTER($P53:$AL53, $P53:$AL53 <> """"), 4),)"),"Film & the Firm: Visual Culture in Business Contexts (B)") -> Film & the Firm: Visual Culture in Business Contexts (B) | K53: =IFERROR(__xludf.DUMMYFUNCTION("IFERROR(INDEX(FILTER($P53:$AL53, $P53:$AL53 <> """"), 5),)"),"Strategic HRM") -> Strategic HRM | P53: =IF(COUNTIF('Fintech-A'!$A:$A, $C53), P$1, "") | Q53: =IF(COUNTIF('Fintech-B'!$A:$A, $C53), Q$1, "") | R53: =IF(COUNTIF('BEDM-A'!$A:$A, $C53), R$1, "") | S53: =IF(COUNTIF('BEDM-B'!$A:$A, $C53), S$1, "") | T53: =IF(COUNTIF('Art-A'!$A:$A, $C53), T$1, "") -> The Art, Craft, and Science of Management: Learning through Classics and Best Collections (A) | U53: =IF(COUNTIF('Art-B'!$A:$A, $C53), U$1, "") | V53: =IF(COUNTIF('WH-A'!$A:$A, $C53), V$1, "") -> Workplace Happiness: Science & Practice (A) | W53: =IF(COUNTIF('WH-B'!$A:$A, $C53), W$1, "") | X53: =IF(COUNTIF(LETV!$A:$A, $C53), X$1, "") -> Leadership Excellence Through Values : Wisdom from the Mahabharata | Y53: =IF(COUNTIF('Film&Firm-A'!$A:$A, $C53), Y$1, "") | Z53: =IF(COUNTIF('Film&Firm-B'!$A:$A, $C53), Z$1, "") -> Film & the Firm: Visual Culture in Business Contexts (B) | AA53: =IF(COUNTIF(SHRM!$A:$A, $C53), AA$1, "") -> Strategic HRM | AB53: =IF(COUNTIF('SCM-A'!$A:$A, $C53), AB$1, "") | AC53: =IF(COUNTIF('SCM-B'!$A:$A, $C53), AC$1, "") | AD53: =IF(COUNTIF(AIS!$A:$A, $C53), AD$1, "") | AE53: =IF(COUNTIF(EB!$A:$A, $C53), AE$1, "") | AF53: =IF(COUNTIF('AIAM-A'!$A:$A, $C53), AF$1, "") | AG53: =IF(COUNTIF('AIAM-B'!$A:$A, $C53), AG$1, "") | AH53: =IF(COUNTIF('SA-A'!$A:$A, $C53), AH$1, "") | AI53: =IF(COUNTIF('SA-B'!$A:$A, $C53), AI$1, "") | AJ53: =IF(COUNTIF(CSM!$A:$A, $C53), AJ$1, "") | AK53: =IF(COUNTIF(EM!$A:$A, $C53), AK$1, "") | AL53: =IF(COUNTIF(I4TS!$A:$A, $C53), AL$1, "")
A54: 53 | B54: A | C54: IPM128-21 | D54: Ayush Singh | E54: ayush.singhi21@iimranchi.ac.in | F54: =COUNTA(G54:K54) -> 5 | G54: =IFERROR(__xludf.DUMMYFUNCTION("INDEX(FILTER($P54:$AL54, $P54:$AL54 <> """"), 1)"),"Leadership Excellence Through Values : Wisdom from the Mahabharata") -> Leadership Excellence Through Values : Wisdom from the Mahabharata | H54: =IFERROR(__xludf.DUMMYFUNCTION("INDEX(FILTER($P54:$AL54, $P54:$AL54 <> """"), 2)"),"AI AND STRATEGY") -> AI AND STRATEGY | I54: =IFERROR(__xludf.DUMMYFUNCTION("INDEX(FILTER($P54:$AL54, $P54:$AL54 <> """"), 3)"),"AI Applications in Marketing (B)") -> AI Applications in Marketing (B) | J54: =IFERROR(__xludf.DUMMYFUNCTION("IFERROR(INDEX(FILTER($P54:$AL54, $P54:$AL54 <> """"), 4),)"),"SPORTS ANALYTICS (B)") -> SPORTS ANALYTICS (B) | K54: =IFERROR(__xludf.DUMMYFUNCTION("IFERROR(INDEX(FILTER($P54:$AL54, $P54:$AL54 <> """"), 5),)"),"Industry 4.0 in Transport Sector") -> Industry 4.0 in Transport Sector | P54: =IF(COUNTIF('Fintech-A'!$A:$A, $C54), P$1, "") | Q54: =IF(COUNTIF('Fintech-B'!$A:$A, $C54), Q$1, "") | R54: =IF(COUNTIF('BEDM-A'!$A:$A, $C54), R$1, "") | S54: =IF(COUNTIF('BEDM-B'!$A:$A, $C54), S$1, "") | T54: =IF(COUNTIF('Art-A'!$A:$A, $C54), T$1, "") | U54: =IF(COUNTIF('Art-B'!$A:$A, $C54), U$1, "") | V54: =IF(COUNTIF('WH-A'!$A:$A, $C54), V$1, "") | W54: =IF(COUNTIF('WH-B'!$A:$A, $C54), W$1, "") | X54: =IF(COUNTIF(LETV!$A:$A, $C54), X$1, "") -> Leadership Excellence Through Values : Wisdom from the Mahabharata | Y54: =IF(COUNTIF('Film&Firm-A'!$A:$A, $C54), Y$1, "") | Z54: =IF(COUNTIF('Film&Firm-B'!$A:$A, $C54), Z$1, "") | AA54: =IF(COUNTIF(SHRM!$A:$A, $C54), AA$1, "") | AB54: =IF(COUNTIF('SCM-A'!$A:$A, $C54), AB$1, "") | AC54: =IF(COUNTIF('SCM-B'!$A:$A, $C54), AC$1, "") | AD54: =IF(COUNTIF(AIS!$A:$A, $C54), AD$1, "") -> AI AND STRATEGY | AE54: =IF(COUNTIF(EB!$A:$A, $C54), AE$1, "") | AF54: =IF(COUNTIF('AIAM-A'!$A:$A, $C54), AF$1, "") | AG54: =IF(COUNTIF('AIAM-B'!$A:$A, $C54), AG$1, "") -> AI Applications in Marketing (B) | AH54: =IF(COUNTIF('SA-A'!$A:$A, $C54), AH$1, "") | AI54: =IF(COUNTIF('SA-B'!$A:$A, $C54), AI$1, "") -> SPORTS ANALYTICS (B) | AJ54: =IF(COUNTIF(CSM!$A:$A, $C54), AJ$1, "") | AK54: =IF(COUNTIF(EM!$A:$A, $C54), AK$1, "") | AL54: =IF(COUNTIF(I4TS!$A:$A, $C54), AL$1, "") -> Industry 4.0 in Transport Sector
A55: 54 | B55: A | C55: IPM015-21 | D55: Debasish Sethi | E55: debasish.sethiI21@iimranchi.ac.in | F55: =COUNTA(G55:K55) -> 5 | G55: =IFERROR(__xludf.DUMMYFUNCTION("INDEX(FILTER($P55:$AL55, $P55:$AL55 <> """"), 1)"),"AI AND STRATEGY") -> AI AND STRATEGY | H55: =IFERROR(__xludf.DUMMYFUNCTION("INDEX(FILTER($P55:$AL55, $P55:$AL55 <> """"), 2)"),"Employer Branding") -> Employer Branding | I55: =IFERROR(__xludf.DUMMYFUNCTION("INDEX(FILTER($P55:$AL55, $P55:$AL55 <> """"), 3)"),"Entrepreneurial Marketing") -> Entrepreneurial Marketing | J55: =IFERROR(__xludf.DUMMYFUNCTION("IFERROR(INDEX(FILTER($P55:$AL55, $P55:$AL55 <> """"), 4),)"),"") | K55: =IFERROR(__xludf.DUMMYFUNCTION("IFERROR(INDEX(FILTER($P55:$AL55, $P55:$AL55 <> """"), 5),)"),"") | P55: =IF(COUNTIF('Fintech-A'!$A:$A, $C55), P$1, "") | Q55: =IF(COUNTIF('Fintech-B'!$A:$A, $C55), Q$1, "") | R55: =IF(COUNTIF('BEDM-A'!$A:$A, $C55), R$1, "") | S55: =IF(COUNTIF('BEDM-B'!$A:$A, $C55), S$1, "") | T55: =IF(COUNTIF('Art-A'!$A:$A, $C55), T$1, "") | U55: =IF(COUNTIF('Art-B'!$A:$A, $C55), U$1, "") | V55: =IF(COUNTIF('WH-A'!$A:$A, $C55), V$1, "") | W55: =IF(COUNTIF('WH-B'!$A:$A, $C55), W$1, "") | X55: =IF(COUNTIF(LETV!$A:$A, $C55), X$1, "") | Y55: =IF(COUNTIF('Film&Firm-A'!$A:$A, $C55), Y$1, "") | Z55: =IF(COUNTIF('Film&Firm-B'!$A:$A, $C55), Z$1, "") | AA55: =IF(COUNTIF(SHRM!$A:$A, $C55), AA$1, "") | AB55: =IF(COUNTIF('SCM-A'!$A:$A, $C55), AB$1, "") | AC55: =IF(COUNTIF('SCM-B'!$A:$A, $C55), AC$1, "") | AD55: =IF(COUNTIF(AIS!$A:$A, $C55), AD$1, "") -> AI AND STRATEGY | AE55: =IF(COUNTIF(EB!$A:$A, $C55), AE$1, "") -> Employer Branding | AF55: =IF(COUNTIF('AIAM-A'!$A:$A, $C55), AF$1, "") | AG55: =IF(COUNTIF('AIAM-B'!$A:$A, $C55), AG$1, "") | AH55: =IF(COUNTIF('SA-A'!$A:$A, $C55), AH$1, "") | AI55: =IF(COUNTIF('SA-B'!$A:$A, $C55), AI$1, "") | AJ55: =IF(COUNTIF(CSM!$A:$A, $C55), AJ$1, "") | AK55: =IF(COUNTIF(EM!$A:$A, $C55), AK$1, "") -> Entrepreneurial Marketing | AL55: =IF(COUNTIF(I4TS!$A:$A, $C55), AL$1, "")
A56: 55 | B56: A | C56: IPM016-21 | D56: Dharvi Gond | E56: dharvi.gondi21@iimranchi.ac.in | F56: =COUNTA(G56:K56) -> 5 | G56: =IFERROR(__xludf.DUMMYFUNCTION("INDEX(FILTER($P56:$AL56, $P56:$AL56 <> """"), 1)"),"Film & the Firm: Visual Culture in Business Contexts (B)") -> Film & the Firm: Visual Culture in Business Contexts (B) | H56: =IFERROR(__xludf.DUMMYFUNCTION("INDEX(FILTER($P56:$AL56, $P56:$AL56 <> """"), 2)"),"Strategic Career Management (A)") -> Strategic Career Management (A) | I56: =IFERROR(__xludf.DUMMYFUNCTION("INDEX(FILTER($P56:$AL56, $P56:$AL56 <> """"), 3)"),"SPORTS ANALYTICS (A)") -> SPORTS ANALYTICS (A) | J56: =IFERROR(__xludf.DUMMYFUNCTION("IFERROR(INDEX(FILTER($P56:$AL56, $P56:$AL56 <> """"), 4),)"),"") | K56: =IFERROR(__xludf.DUMMYFUNCTION("IFERROR(INDEX(FILTER($P56:$AL56, $P56:$AL56 <> """"), 5),)"),"") | P56: =IF(COUNTIF('Fintech-A'!$A:$A, $C56), P$1, "") | Q56: =IF(COUNTIF('Fintech-B'!$A:$A, $C56), Q$1, "") | R56: =IF(COUNTIF('BEDM-A'!$A:$A, $C56), R$1, "") | S56: =IF(COUNTIF('BEDM-B'!$A:$A, $C56), S$1, "") | T56: =IF(COUNTIF('Art-A'!$A:$A, $C56), T$1, "") | U56: =IF(COUNTIF('Art-B'!$A:$A, $C56), U$1, "") | V56: =IF(COUNTIF('WH-A'!$A:$A, $C56), V$1, "") | W56: =IF(COUNTIF('WH-B'!$A:$A, $C56), W$1, "") | X56: =IF(COUNTIF(LETV!$A:$A, $C56), X$1, "") | Y56: =IF(COUNTIF('Film&Firm-A'!$A:$A, $C56), Y$1, "") | Z56: =IF(COUNTIF('Film&Firm-B'!$A:$A, $C56), Z$1, "") -> Film & the Firm: Visual Culture in Business Contexts (B) | AA56: =IF(COUNTIF(SHRM!$A:$A, $C56), AA$1, "") | AB56: =IF(COUNTIF('SCM-A'!$A:$A, $C56), AB$1, "") -> Strategic Career Management (A) | AC56: =IF(COUNTIF('SCM-B'!$A:$A, $C56), AC$1, "") | AD56: =IF(COUNTIF(AIS!$A:$A, $C56), AD$1, "") | AE56: =IF(COUNTIF(EB!$A:$A, $C56), AE$1, "") | AF56: =IF(COUNTIF('AIAM-A'!$A:$A, $C56), AF$1, "") | AG56: =IF(COUNTIF('AIAM-B'!$A:$A, $C56), AG$1, "") | AH56: =IF(COUNTIF('SA-A'!$A:$A, $C56), AH$1, "") -> SPORTS ANALYTICS (A) | AI56: =IF(COUNTIF('SA-B'!$A:$A, $C56), AI$1, "") | AJ56: =IF(COUNTIF(CSM!$A:$A, $C56), AJ$1, "") | AK56: =IF(COUNTIF(EM!$A:$A, $C56), AK$1, "") | AL56: =IF(COUNTIF(I4TS!$A:$A, $C56), AL$1, "")
A57: 56 | B57: A | C57: IPM076-21 | D57: Gurjot Singh | E57: gurjot.singhi21@iimranchi.ac.in | F57: =COUNTA(G57:K57) -> 5 | G57: =IFERROR(__xludf.DUMMYFUNCTION("INDEX(FILTER($P57:$AL57, $P57:$AL57 <> """"), 1)"),"Fintech (Digital Transformation in Finance) (B)") -> Fintech (Digital Transformation in Finance) (B) | H57: =IFERROR(__xludf.DUMMYFUNCTION("INDEX(FILTER($P57:$AL57, $P57:$AL57 <> """"), 2)"),"Workplace Happiness: Science & Practice (B)") -> Workplace Happiness: Science & Practice (B) | I57: =IFERROR(__xludf.DUMMYFUNCTION("INDEX(FILTER($P57:$AL57, $P57:$AL57 <> """"), 3)"),"Film & the Firm: Visual Culture in Business Contexts (A)") -> Film & the Firm: Visual Culture in Business Contexts (A) | J57: =IFERROR(__xludf.DUMMYFUNCTION("IFERROR(INDEX(FILTER($P57:$AL57, $P57:$AL57 <> """"), 4),)"),"Strategic HRM") -> Strategic HRM | K57: =IFERROR(__xludf.DUMMYFUNCTION("IFERROR(INDEX(FILTER($P57:$AL57, $P57:$AL57 <> """"), 5),)"),"SPORTS ANALYTICS (A)") -> SPORTS ANALYTICS (A) | P57: =IF(COUNTIF('Fintech-A'!$A:$A, $C57), P$1, "") | Q57: =IF(COUNTIF('Fintech-B'!$A:$A, $C57), Q$1, "") -> Fintech (Digital Transformation in Finance) (B) | R57: =IF(COUNTIF('BEDM-A'!$A:$A, $C57), R$1, "") | S57: =IF(COUNTIF('BEDM-B'!$A:$A, $C57), S$1, "") | T57: =IF(COUNTIF('Art-A'!$A:$A, $C57), T$1, "") | U57: =IF(COUNTIF('Art-B'!$A:$A, $C57), U$1, "") | V57: =IF(COUNTIF('WH-A'!$A:$A, $C57), V$1, "") | W57: =IF(COUNTIF('WH-B'!$A:$A, $C57), W$1, "") -> Workplace Happiness: Science & Practice (B) | X57: =IF(COUNTIF(LETV!$A:$A, $C57), X$1, "") | Y57: =IF(COUNTIF('Film&Firm-A'!$A:$A, $C57), Y$1, "") -> Film & the Firm: Visual Culture in Business Contexts (A) | Z57: =IF(COUNTIF('Film&Firm-B'!$A:$A, $C57), Z$1, "") | AA57: =IF(COUNTIF(SHRM!$A:$A, $C57), AA$1, "") -> Strategic HRM | AB57: =IF(COUNTIF('SCM-A'!$A:$A, $C57), AB$1, "") | AC57: =IF(COUNTIF('SCM-B'!$A:$A, $C57), AC$1, "") | AD57: =IF(COUNTIF(AIS!$A:$A, $C57), AD$1, "") | AE57: =IF(COUNTIF(EB!$A:$A, $C57), AE$1, "") | AF57: =IF(COUNTIF('AIAM-A'!$A:$A, $C57), AF$1, "") | AG57: =IF(COUNTIF('AIAM-B'!$A:$A, $C57), AG$1, "") | AH57: =IF(COUNTIF('SA-A'!$A:$A, $C57), AH$1, "") -> SPORTS ANALYTICS (A) | AI57: =IF(COUNTIF('SA-B'!$A:$A, $C57), AI$1, "") | AJ57: =IF(COUNTIF(CSM!$A:$A, $C57), AJ$1, "") | AK57: =IF(COUNTIF(EM!$A:$A, $C57), AK$1, "") | AL57: =IF(COUNTIF(I4TS!$A:$A, $C57), AL$1, "")
A58: 57 | B58: A | C58: IPM020-21 | D58: Ishika Rai | E58: ishika.raii21@iimranchi.ac.in | F58: =COUNTA(G58:K58) -> 5 | G58: =IFERROR(__xludf.DUMMYFUNCTION("INDEX(FILTER($P58:$AL58, $P58:$AL58 <> """"), 1)"),"Behavioural Economics and Decision-Making (A)") -> Behavioural Economics and Decision-Making (A) | H58: =IFERROR(__xludf.DUMMYFUNCTION("INDEX(FILTER($P58:$AL58, $P58:$AL58 <> """"), 2)"),"Film & the Firm: Visual Culture in Business Contexts (B)") -> Film & the Firm: Visual Culture in Business Contexts (B) | I58: =IFERROR(__xludf.DUMMYFUNCTION("INDEX(FILTER($P58:$AL58, $P58:$AL58 <> """"), 3)"),"AI AND STRATEGY") -> AI AND STRATEGY | J58: =IFERROR(__xludf.DUMMYFUNCTION("IFERROR(INDEX(FILTER($P58:$AL58, $P58:$AL58 <> """"), 4),)"),"") | K58: =IFERROR(__xludf.DUMMYFUNCTION("IFERROR(INDEX(FILTER($P58:$AL58, $P58:$AL58 <> """"), 5),)"),"") | P58: =IF(COUNTIF('Fintech-A'!$A:$A, $C58), P$1, "") | Q58: =IF(COUNTIF('Fintech-B'!$A:$A, $C58), Q$1, "") | R58: =IF(COUNTIF('BEDM-A'!$A:$A, $C58), R$1, "") -> Behavioural Economics and Decision-Making (A) | S58: =IF(COUNTIF('BEDM-B'!$A:$A, $C58), S$1, "") | T58: =IF(COUNTIF('Art-A'!$A:$A, $C58), T$1, "") | U58: =IF(COUNTIF('Art-B'!$A:$A, $C58), U$1, "") | V58: =IF(COUNTIF('WH-A'!$A:$A, $C58), V$1, "") | W58: =IF(COUNTIF('WH-B'!$A:$A, $C58), W$1, "") | X58: =IF(COUNTIF(LETV!$A:$A, $C58), X$1, "") | Y58: =IF(COUNTIF('Film&Firm-A'!$A:$A, $C58), Y$1, "") | Z58: =IF(COUNTIF('Film&Firm-B'!$A:$A, $C58), Z$1, "") -> Film & the Firm: Visual Culture in Business Contexts (B) | AA58: =IF(COUNTIF(SHRM!$A:$A, $C58), AA$1, "") | AB58: =IF(COUNTIF('SCM-A'!$A:$A, $C58), AB$1, "") | AC58: =IF(COUNTIF('SCM-B'!$A:$A, $C58), AC$1, "") | AD58: =IF(COUNTIF(AIS!$A:$A, $C58), AD$1, "") -> AI AND STRATEGY | AE58: =IF(COUNTIF(EB!$A:$A, $C58), AE$1, "") | AF58: =IF(COUNTIF('AIAM-A'!$A:$A, $C58), AF$1, "") | AG58: =IF(COUNTIF('AIAM-B'!$A:$A, $C58), AG$1, "") | AH58: =IF(COUNTIF('SA-A'!$A:$A, $C58), AH$1, "") | AI58: =IF(COUNTIF('SA-B'!$A:$A, $C58), AI$1, "") | AJ58: =IF(COUNTIF(CSM!$A:$A, $C58), AJ$1, "") | AK58: =IF(COUNTIF(EM!$A:$A, $C58), AK$1, "") | AL58: =IF(COUNTIF(I4TS!$A:$A, $C58), AL$1, "")
A59: 58 | B59: A | C59: IPM081-21 | D59: K Rohan Raj Kumar | E59: rohan.rajkumarI21@iimranchi.ac.in | F59: =COUNTA(G59:K59) -> 5 | G59: =IFERROR(__xludf.DUMMYFUNCTION("INDEX(FILTER($P59:$AL59, $P59:$AL59 <> """"), 1)"),"Strategic Career Management (A)") -> Strategic Career Management (A) | H59: =IFERROR(__xludf.DUMMYFUNCTION("INDEX(FILTER($P59:$AL59, $P59:$AL59 <> """"), 2)"),"AI AND STRATEGY") -> AI AND STRATEGY | I59: =IFERROR(__xludf.DUMMYFUNCTION("INDEX(FILTER($P59:$AL59, $P59:$AL59 <> """"), 3)"),"AI Applications in Marketing (B)") -> AI Applications in Marketing (B) | J59: =IFERROR(__xludf.DUMMYFUNCTION("IFERROR(INDEX(FILTER($P59:$AL59, $P59:$AL59 <> """"), 4),)"),"Customer Success Management") -> Customer Success Management | K59: =IFERROR(__xludf.DUMMYFUNCTION("IFERROR(INDEX(FILTER($P59:$AL59, $P59:$AL59 <> """"), 5),)"),"Industry 4.0 in Transport Sector") -> Industry 4.0 in Transport Sector | P59: =IF(COUNTIF('Fintech-A'!$A:$A, $C59), P$1, "") | Q59: =IF(COUNTIF('Fintech-B'!$A:$A, $C59), Q$1, "") | R59: =IF(COUNTIF('BEDM-A'!$A:$A, $C59), R$1, "") | S59: =IF(COUNTIF('BEDM-B'!$A:$A, $C59), S$1, "") | T59: =IF(COUNTIF('Art-A'!$A:$A, $C59), T$1, "") | U59: =IF(COUNTIF('Art-B'!$A:$A, $C59), U$1, "") | V59: =IF(COUNTIF('WH-A'!$A:$A, $C59), V$1, "") | W59: =IF(COUNTIF('WH-B'!$A:$A, $C59), W$1, "") | X59: =IF(COUNTIF(LETV!$A:$A, $C59), X$1, "") | Y59: =IF(COUNTIF('Film&Firm-A'!$A:$A, $C59), Y$1, "") | Z59: =IF(COUNTIF('Film&Firm-B'!$A:$A, $C59), Z$1, "") | AA59: =IF(COUNTIF(SHRM!$A:$A, $C59), AA$1, "") | AB59: =IF(COUNTIF('SCM-A'!$A:$A, $C59), AB$1, "") -> Strategic Career Management (A) | AC59: =IF(COUNTIF('SCM-B'!$A:$A, $C59), AC$1, "") | AD59: =IF(COUNTIF(AIS!$A:$A, $C59), AD$1, "") -> AI AND STRATEGY | AE59: =IF(COUNTIF(EB!$A:$A, $C59), AE$1, "") | AF59: =IF(COUNTIF('AIAM-A'!$A:$A, $C59), AF$1, "") | AG59: =IF(COUNTIF('AIAM-B'!$A:$A, $C59), AG$1, "") -> AI Applications in Marketing (B) | AH59: =IF(COUNTIF('SA-A'!$A:$A, $C59), AH$1, "") | AI59: =IF(COUNTIF('SA-B'!$A:$A, $C59), AI$1, "") | AJ59: =IF(COUNTIF(CSM!$A:$A, $C59), AJ$1, "") -> Customer Success Management | AK59: =IF(COUNTIF(EM!$A:$A, $C59), AK$1, "") | AL59: =IF(COUNTIF(I4TS!$A:$A, $C59), AL$1, "") -> Industry 4.0 in Transport Sector
A60: 59 | B60: A | C60: IPM032-21 | D60: Nehal Pandey | E60: nehal.pandeyI21@iimranchi.ac.in | F60: =COUNTA(G60:K60) -> 5 | G60: =IFERROR(__xludf.DUMMYFUNCTION("INDEX(FILTER($P60:$AL60, $P60:$AL60 <> """"), 1)"),"Fintech (Digital Transformation in Finance) (A)") -> Fintech (Digital Transformation in Finance) (A) | H60: =IFERROR(__xludf.DUMMYFUNCTION("INDEX(FILTER($P60:$AL60, $P60:$AL60 <> """"), 2)"),"The Art, Craft, and Science of Management: Learning through Classics and Best Collections (A)") -> The Art, Craft, and Science of Management: Learning through Classics and Best Collections (A) | I60: =IFERROR(__xludf.DUMMYFUNCTION("INDEX(FILTER($P60:$AL60, $P60:$AL60 <> """"), 3)"),"Strategic Career Management (B)") -> Strategic Career Management (B) | J60: =IFERROR(__xludf.DUMMYFUNCTION("IFERROR(INDEX(FILTER($P60:$AL60, $P60:$AL60 <> """"), 4),)"),"Employer Branding") -> Employer Branding | K60: =IFERROR(__xludf.DUMMYFUNCTION("IFERROR(INDEX(FILTER($P60:$AL60, $P60:$AL60 <> """"), 5),)"),"AI Applications in Marketing (A)") -> AI Applications in Marketing (A) | P60: =IF(COUNTIF('Fintech-A'!$A:$A, $C60), P$1, "") -> Fintech (Digital Transformation in Finance) (A) | Q60: =IF(COUNTIF('Fintech-B'!$A:$A, $C60), Q$1, "") | R60: =IF(COUNTIF('BEDM-A'!$A:$A, $C60), R$1, "") | S60: =IF(COUNTIF('BEDM-B'!$A:$A, $C60), S$1, "") | T60: =IF(COUNTIF('Art-A'!$A:$A, $C60), T$1, "") -> The Art, Craft, and Science of Management: Learning through Classics and Best Collections (A) | U60: =IF(COUNTIF('Art-B'!$A:$A, $C60), U$1, "") | V60: =IF(COUNTIF('WH-A'!$A:$A, $C60), V$1, "") | W60: =IF(COUNTIF('WH-B'!$A:$A, $C60), W$1, "") | X60: =IF(COUNTIF(LETV!$A:$A, $C60), X$1, "") | Y60: =IF(COUNTIF('Film&Firm-A'!$A:$A, $C60), Y$1, "") | Z60: =IF(COUNTIF('Film&Firm-B'!$A:$A, $C60), Z$1, "") | AA60: =IF(COUNTIF(SHRM!$A:$A, $C60), AA$1, "") | AB60: =IF(COUNTIF('SCM-A'!$A:$A, $C60), AB$1, "") | AC60: =IF(COUNTIF('SCM-B'!$A:$A, $C60), AC$1, "") -> Strategic Career Management (B) | AD60: =IF(COUNTIF(AIS!$A:$A, $C60), AD$1, "") | AE60: =IF(COUNTIF(EB!$A:$A, $C60), AE$1, "") -> Employer Branding | AF60: =IF(COUNTIF('AIAM-A'!$A:$A, $C60), AF$1, "") -> AI Applications in Marketing (A) | AG60: =IF(COUNTIF('AIAM-B'!$A:$A, $C60), AG$1, "") | AH60: =IF(COUNTIF('SA-A'!$A:$A, $C60), AH$1, "") | AI60: =IF(COUNTIF('SA-B'!$A:$A, $C60), AI$1, "") | AJ60: =IF(COUNTIF(CSM!$A:$A, $C60), AJ$1, "") | AK60: =IF(COUNTIF(EM!$A:$A, $C60), AK$1, "") | AL60: =IF(COUNTIF(I4TS!$A:$A, $C60), AL$1, "")
A61: 60 | B61: A | C61: IPM093-21 | D61: Prajawal Singh | E61: prajawal.singhi21@iimranchi.ac.in | F61: =COUNTA(G61:K61) -> 5 | G61: =IFERROR(__xludf.DUMMYFUNCTION("INDEX(FILTER($P61:$AL61, $P61:$AL61 <> """"), 1)"),"Strategic Career Management (A)") -> Strategic Career Management (A) | H61: =IFERROR(__xludf.DUMMYFUNCTION("INDEX(FILTER($P61:$AL61, $P61:$AL61 <> """"), 2)"),"Employer Branding") -> Employer Branding | I61: =IFERROR(__xludf.DUMMYFUNCTION("INDEX(FILTER($P61:$AL61, $P61:$AL61 <> """"), 3)"),"AI Applications in Marketing (A)") -> AI Applications in Marketing (A) | J61: =IFERROR(__xludf.DUMMYFUNCTION("IFERROR(INDEX(FILTER($P61:$AL61, $P61:$AL61 <> """"), 4),)"),"SPORTS ANALYTICS (A)") -> SPORTS ANALYTICS (A) | K61: =IFERROR(__xludf.DUMMYFUNCTION("IFERROR(INDEX(FILTER($P61:$AL61, $P61:$AL61 <> """"), 5),)"),"Customer Success Management") -> Customer Success Management | P61: =IF(COUNTIF('Fintech-A'!$A:$A, $C61), P$1, "") | Q61: =IF(COUNTIF('Fintech-B'!$A:$A, $C61), Q$1, "") | R61: =IF(COUNTIF('BEDM-A'!$A:$A, $C61), R$1, "") | S61: =IF(COUNTIF('BEDM-B'!$A:$A, $C61), S$1, "") | T61: =IF(COUNTIF('Art-A'!$A:$A, $C61), T$1, "") | U61: =IF(COUNTIF('Art-B'!$A:$A, $C61), U$1, "") | V61: =IF(COUNTIF('WH-A'!$A:$A, $C61), V$1, "") | W61: =IF(COUNTIF('WH-B'!$A:$A, $C61), W$1, "") | X61: =IF(COUNTIF(LETV!$A:$A, $C61), X$1, "") | Y61: =IF(COUNTIF('Film&Firm-A'!$A:$A, $C61), Y$1, "") | Z61: =IF(COUNTIF('Film&Firm-B'!$A:$A, $C61), Z$1, "") | AA61: =IF(COUNTIF(SHRM!$A:$A, $C61), AA$1, "") | AB61: =IF(COUNTIF('SCM-A'!$A:$A, $C61), AB$1, "") -> Strategic Career Management (A) | AC61: =IF(COUNTIF('SCM-B'!$A:$A, $C61), AC$1, "") | AD61: =IF(COUNTIF(AIS!$A:$A, $C61), AD$1, "") | AE61: =IF(COUNTIF(EB!$A:$A, $C61), AE$1, "") -> Employer Branding | AF61: =IF(COUNTIF('AIAM-A'!$A:$A, $C61), AF$1, "") -> AI Applications in Marketing (A) | AG61: =IF(COUNTIF('AIAM-B'!$A:$A, $C61), AG$1, "") | AH61: =IF(COUNTIF('SA-A'!$A:$A, $C61), AH$1, "") -> SPORTS ANALYTICS (A) | AI61: =IF(COUNTIF('SA-B'!$A:$A, $C61), AI$1, "") | AJ61: =IF(COUNTIF(CSM!$A:$A, $C61), AJ$1, "") -> Customer Success Management | AK61: =IF(COUNTIF(EM!$A:$A, $C61), AK$1, "") | AL61: =IF(COUNTIF(I4TS!$A:$A, $C61), AL$1, "")
A62: 61 | B62: A | C62: IPM097-21 | D62: Rithika O | E62: rithika.oi21@iimranchi.ac.in | F62: =COUNTA(G62:K62) -> 5 | G62: =IFERROR(__xludf.DUMMYFUNCTION("INDEX(FILTER($P62:$AL62, $P62:$AL62 <> """"), 1)"),"Behavioural Economics and Decision-Making (B)") -> Behavioural Economics and Decision-Making (B) | H62: =IFERROR(__xludf.DUMMYFUNCTION("INDEX(FILTER($P62:$AL62, $P62:$AL62 <> """"), 2)"),"Film & the Firm: Visual Culture in Business Contexts (A)") -> Film & the Firm: Visual Culture in Business Contexts (A) | I62: =IFERROR(__xludf.DUMMYFUNCTION("INDEX(FILTER($P62:$AL62, $P62:$AL62 <> """"), 3)"),"SPORTS ANALYTICS (A)") -> SPORTS ANALYTICS (A) | J62: =IFERROR(__xludf.DUMMYFUNCTION("IFERROR(INDEX(FILTER($P62:$AL62, $P62:$AL62 <> """"), 4),)"),"") | K62: =IFERROR(__xludf.DUMMYFUNCTION("IFERROR(INDEX(FILTER($P62:$AL62, $P62:$AL62 <> """"), 5),)"),"") | P62: =IF(COUNTIF('Fintech-A'!$A:$A, $C62), P$1, "") | Q62: =IF(COUNTIF('Fintech-B'!$A:$A, $C62), Q$1, "") | R62: =IF(COUNTIF('BEDM-A'!$A:$A, $C62), R$1, "") | S62: =IF(COUNTIF('BEDM-B'!$A:$A, $C62), S$1, "") -> Behavioural Economics and Decision-Making (B) | T62: =IF(COUNTIF('Art-A'!$A:$A, $C62), T$1, "") | U62: =IF(COUNTIF('Art-B'!$A:$A, $C62), U$1, "") | V62: =IF(COUNTIF('WH-A'!$A:$A, $C62), V$1, "") | W62: =IF(COUNTIF('WH-B'!$A:$A, $C62), W$1, "") | X62: =IF(COUNTIF(LETV!$A:$A, $C62), X$1, "") | Y62: =IF(COUNTIF('Film&Firm-A'!$A:$A, $C62), Y$1, "") -> Film & the Firm: Visual Culture in Business Contexts (A) | Z62: =IF(COUNTIF('Film&Firm-B'!$A:$A, $C62), Z$1, "") | AA62: =IF(COUNTIF(SHRM!$A:$A, $C62), AA$1, "") | AB62: =IF(COUNTIF('SCM-A'!$A:$A, $C62), AB$1, "") | AC62: =IF(COUNTIF('SCM-B'!$A:$A, $C62), AC$1, "") | AD62: =IF(COUNTIF(AIS!$A:$A, $C62), AD$1, "") | AE62: =IF(COUNTIF(EB!$A:$A, $C62), AE$1, "") | AF62: =IF(COUNTIF('AIAM-A'!$A:$A, $C62), AF$1, "") | AG62: =IF(COUNTIF('AIAM-B'!$A:$A, $C62), AG$1, "") | AH62: =IF(COUNTIF('SA-A'!$A:$A, $C62), AH$1, "") -> SPORTS ANALYTICS (A) | AI62: =IF(COUNTIF('SA-B'!$A:$A, $C62), AI$1, "") | AJ62: =IF(COUNTIF(CSM!$A:$A, $C62), AJ$1, "") | AK62: =IF(COUNTIF(EM!$A:$A, $C62), AK$1, "") | AL62: =IF(COUNTIF(I4TS!$A:$A, $C62), AL$1, "")
A63: 62 | B63: A | C63: IPM039-21 | D63: Sahel Sajid | E63: sahel.sajidi21@iimranchi.ac.in | F63: =COUNTA(G63:K63) -> 5 | G63: =IFERROR(__xludf.DUMMYFUNCTION("INDEX(FILTER($P63:$AL63, $P63:$AL63 <> """"), 1)"),"Film & the Firm: Visual Culture in Business Contexts (B)") -> Film & the Firm: Visual Culture in Business Contexts (B) | H63: =IFERROR(__xludf.DUMMYFUNCTION("INDEX(FILTER($P63:$AL63, $P63:$AL63 <> """"), 2)"),"Strategic Career Management (A)") -> Strategic Career Management (A) | I63: =IFERROR(__xludf.DUMMYFUNCTION("INDEX(FILTER($P63:$AL63, $P63:$AL63 <> """"), 3)"),"Entrepreneurial Marketing") -> Entrepreneurial Marketing | J63: =IFERROR(__xludf.DUMMYFUNCTION("IFERROR(INDEX(FILTER($P63:$AL63, $P63:$AL63 <> """"), 4),)"),"") | K63: =IFERROR(__xludf.DUMMYFUNCTION("IFERROR(INDEX(FILTER($P63:$AL63, $P63:$AL63 <> """"), 5),)"),"") | P63: =IF(COUNTIF('Fintech-A'!$A:$A, $C63), P$1, "") | Q63: =IF(COUNTIF('Fintech-B'!$A:$A, $C63), Q$1, "") | R63: =IF(COUNTIF('BEDM-A'!$A:$A, $C63), R$1, "") | S63: =IF(COUNTIF('BEDM-B'!$A:$A, $C63), S$1, "") | T63: =IF(COUNTIF('Art-A'!$A:$A, $C63), T$1, "") | U63: =IF(COUNTIF('Art-B'!$A:$A, $C63), U$1, "") | V63: =IF(COUNTIF('WH-A'!$A:$A, $C63), V$1, "") | W63: =IF(COUNTIF('WH-B'!$A:$A, $C63), W$1, "") | X63: =IF(COUNTIF(LETV!$A:$A, $C63), X$1, "") | Y63: =IF(COUNTIF('Film&Firm-A'!$A:$A, $C63), Y$1, "") | Z63: =IF(COUNTIF('Film&Firm-B'!$A:$A, $C63), Z$1, "") -> Film & the Firm: Visual Culture in Business Contexts (B) | AA63: =IF(COUNTIF(SHRM!$A:$A, $C63), AA$1, "") | AB63: =IF(COUNTIF('SCM-A'!$A:$A, $C63), AB$1, "") -> Strategic Career Management (A) | AC63: =IF(COUNTIF('SCM-B'!$A:$A, $C63), AC$1, "") | AD63: =IF(COUNTIF(AIS!$A:$A, $C63), AD$1, "") | AE63: =IF(COUNTIF(EB!$A:$A, $C63), AE$1, "") | AF63: =IF(COUNTIF('AIAM-A'!$A:$A, $C63), AF$1, "") | AG63: =IF(COUNTIF('AIAM-B'!$A:$A, $C63), AG$1, "") | AH63: =IF(COUNTIF('SA-A'!$A:$A, $C63), AH$1, "") | AI63: =IF(COUNTIF('SA-B'!$A:$A, $C63), AI$1, "") | AJ63: =IF(COUNTIF(CSM!$A:$A, $C63), AJ$1, "") | AK63: =IF(COUNTIF(EM!$A:$A, $C63), AK$1, "") -> Entrepreneurial Marketing | AL63: =IF(COUNTIF(I4TS!$A:$A, $C63), AL$1, "")
A64: 63 | B64: A | C64: IPM044-21 | D64: Shreya Agrawal | E64: shreya.agrawali21@iimranchi.ac.in | F64: =COUNTA(G64:K64) -> 5 | G64: =IFERROR(__xludf.DUMMYFUNCTION("INDEX(FILTER($P64:$AL64, $P64:$AL64 <> """"), 1)"),"Behavioural Economics and Decision-Making (B)") -> Behavioural Economics and Decision-Making (B) | H64: =IFERROR(__xludf.DUMMYFUNCTION("INDEX(FILTER($P64:$AL64, $P64:$AL64 <> """"), 2)"),"The Art, Craft, and Science of Management: Learning through Classics and Best Collections (B)") -> The Art, Craft, and Science of Management: Learning through Classics and Best Collections (B) | I64: =IFERROR(__xludf.DUMMYFUNCTION("INDEX(FILTER($P64:$AL64, $P64:$AL64 <> """"), 3)"),"Film & the Firm: Visual Culture in Business Contexts (B)") -> Film & the Firm: Visual Culture in Business Contexts (B) | J64: =IFERROR(__xludf.DUMMYFUNCTION("IFERROR(INDEX(FILTER($P64:$AL64, $P64:$AL64 <> """"), 4),)"),"AI Applications in Marketing (B)") -> AI Applications in Marketing (B) | K64: =IFERROR(__xludf.DUMMYFUNCTION("IFERROR(INDEX(FILTER($P64:$AL64, $P64:$AL64 <> """"), 5),)"),"Industry 4.0 in Transport Sector") -> Industry 4.0 in Transport Sector | P64: =IF(COUNTIF('Fintech-A'!$A:$A, $C64), P$1, "") | Q64: =IF(COUNTIF('Fintech-B'!$A:$A, $C64), Q$1, "") | R64: =IF(COUNTIF('BEDM-A'!$A:$A, $C64), R$1, "") | S64: =IF(COUNTIF('BEDM-B'!$A:$A, $C64), S$1, "") -> Behavioural Economics and Decision-Making (B) | T64: =IF(COUNTIF('Art-A'!$A:$A, $C64), T$1, "") | U64: =IF(COUNTIF('Art-B'!$A:$A, $C64), U$1, "") -> The Art, Craft, and Science of Management: Learning through Classics and Best Collections (B) | V64: =IF(COUNTIF('WH-A'!$A:$A, $C64), V$1, "") | W64: =IF(COUNTIF('WH-B'!$A:$A, $C64), W$1, "") | X64: =IF(COUNTIF(LETV!$A:$A, $C64), X$1, "") | Y64: =IF(COUNTIF('Film&Firm-A'!$A:$A, $C64), Y$1, "") | Z64: =IF(COUNTIF('Film&Firm-B'!$A:$A, $C64), Z$1, "") -> Film & the Firm: Visual Culture in Business Contexts (B) | AA64: =IF(COUNTIF(SHRM!$A:$A, $C64), AA$1, "") | AB64: =IF(COUNTIF('SCM-A'!$A:$A, $C64), AB$1, "") | AC64: =IF(COUNTIF('SCM-B'!$A:$A, $C64), AC$1, "") | AD64: =IF(COUNTIF(AIS!$A:$A, $C64), AD$1, "") | AE64: =IF(COUNTIF(EB!$A:$A, $C64), AE$1, "") | AF64: =IF(COUNTIF('AIAM-A'!$A:$A, $C64), AF$1, "") | AG64: =IF(COUNTIF('AIAM-B'!$A:$A, $C64), AG$1, "") -> AI Applications in Marketing (B) | AH64: =IF(COUNTIF('SA-A'!$A:$A, $C64), AH$1, "") | AI64: =IF(COUNTIF('SA-B'!$A:$A, $C64), AI$1, "") | AJ64: =IF(COUNTIF(CSM!$A:$A, $C64), AJ$1, "") | AK64: =IF(COUNTIF(EM!$A:$A, $C64), AK$1, "") | AL64: =IF(COUNTIF(I4TS!$A:$A, $C64), AL$1, "") -> Industry 4.0 in Transport Sector
A65: 64 | B65: A | C65: IPM054-21 | D65: Tusshar Raj Sinha | E65: tussharraj.sinhai21@iimranchi.ac.in | F65: =COUNTA(G65:K65) -> 5 | G65: =IFERROR(__xludf.DUMMYFUNCTION("INDEX(FILTER($P65:$AL65, $P65:$AL65 <> """"), 1)"),"Behavioural Economics and Decision-Making (A)") -> Behavioural Economics and Decision-Making (A) | H65: =IFERROR(__xludf.DUMMYFUNCTION("INDEX(FILTER($P65:$AL65, $P65:$AL65 <> """"), 2)"),"Workplace Happiness: Science & Practice (B)") -> Workplace Happiness: Science & Practice (B) | I65: =IFERROR(__xludf.DUMMYFUNCTION("INDEX(FILTER($P65:$AL65, $P65:$AL65 <> """"), 3)"),"AI Applications in Marketing (A)") -> AI Applications in Marketing (A) | J65: =IFERROR(__xludf.DUMMYFUNCTION("IFERROR(INDEX(FILTER($P65:$AL65, $P65:$AL65 <> """"), 4),)"),"") | K65: =IFERROR(__xludf.DUMMYFUNCTION("IFERROR(INDEX(FILTER($P65:$AL65, $P65:$AL65 <> """"), 5),)"),"") | P65: =IF(COUNTIF('Fintech-A'!$A:$A, $C65), P$1, "") | Q65: =IF(COUNTIF('Fintech-B'!$A:$A, $C65), Q$1, "") | R65: =IF(COUNTIF('BEDM-A'!$A:$A, $C65), R$1, "") -> Behavioural Economics and Decision-Making (A) | S65: =IF(COUNTIF('BEDM-B'!$A:$A, $C65), S$1, "") | T65: =IF(COUNTIF('Art-A'!$A:$A, $C65), T$1, "") | U65: =IF(COUNTIF('Art-B'!$A:$A, $C65), U$1, "") | V65: =IF(COUNTIF('WH-A'!$A:$A, $C65), V$1, "") | W65: =IF(COUNTIF('WH-B'!$A:$A, $C65), W$1, "") -> Workplace Happiness: Science & Practice (B) | X65: =IF(COUNTIF(LETV!$A:$A, $C65), X$1, "") | Y65: =IF(COUNTIF('Film&Firm-A'!$A:$A, $C65), Y$1, "") | Z65: =IF(COUNTIF('Film&Firm-B'!$A:$A, $C65), Z$1, "") | AA65: =IF(COUNTIF(SHRM!$A:$A, $C65), AA$1, "") | AB65: =IF(COUNTIF('SCM-A'!$A:$A, $C65), AB$1, "") | AC65: =IF(COUNTIF('SCM-B'!$A:$A, $C65), AC$1, "") | AD65: =IF(COUNTIF(AIS!$A:$A, $C65), AD$1, "") | AE65: =IF(COUNTIF(EB!$A:$A, $C65), AE$1, "") | AF65: =IF(COUNTIF('AIAM-A'!$A:$A, $C65), AF$1, "") -> AI Applications in Marketing (A) | AG65: =IF(COUNTIF('AIAM-B'!$A:$A, $C65), AG$1, "") | AH65: =IF(COUNTIF('SA-A'!$A:$A, $C65), AH$1, "") | AI65: =IF(COUNTIF('SA-B'!$A:$A, $C65), AI$1, "") | AJ65: =IF(COUNTIF(CSM!$A:$A, $C65), AJ$1, "") | AK65: =IF(COUNTIF(EM!$A:$A, $C65), AK$1, "") | AL65: =IF(COUNTIF(I4TS!$A:$A, $C65), AL$1, "")
A66: 65 | B66: A | C66: M010-23 | D66: Riya Kaushal | E66: riya.kaushal23@iimranchi.ac.in | F66: =COUNTA(G66:K66) -> 5 | G66: =IFERROR(__xludf.DUMMYFUNCTION("INDEX(FILTER($P66:$AL66, $P66:$AL66 <> """"), 1)"),"Fintech (Digital Transformation in Finance) (B)") -> Fintech (Digital Transformation in Finance) (B) | H66: =IFERROR(__xludf.DUMMYFUNCTION("INDEX(FILTER($P66:$AL66, $P66:$AL66 <> """"), 2)"),"Strategic Career Management (A)") -> Strategic Career Management (A) | I66: =IFERROR(__xludf.DUMMYFUNCTION("INDEX(FILTER($P66:$AL66, $P66:$AL66 <> """"), 3)"),"AI AND STRATEGY") -> AI AND STRATEGY | J66: =IFERROR(__xludf.DUMMYFUNCTION("IFERROR(INDEX(FILTER($P66:$AL66, $P66:$AL66 <> """"), 4),)"),"") | K66: =IFERROR(__xludf.DUMMYFUNCTION("IFERROR(INDEX(FILTER($P66:$AL66, $P66:$AL66 <> """"), 5),)"),"") | P66: =IF(COUNTIF('Fintech-A'!$A:$A, $C66), P$1, "") | Q66: =IF(COUNTIF('Fintech-B'!$A:$A, $C66), Q$1, "") -> Fintech (Digital Transformation in Finance) (B) | R66: =IF(COUNTIF('BEDM-A'!$A:$A, $C66), R$1, "") | S66: =IF(COUNTIF('BEDM-B'!$A:$A, $C66), S$1, "") | T66: =IF(COUNTIF('Art-A'!$A:$A, $C66), T$1, "") | U66: =IF(COUNTIF('Art-B'!$A:$A, $C66), U$1, "") | V66: =IF(COUNTIF('WH-A'!$A:$A, $C66), V$1, "") | W66: =IF(COUNTIF('WH-B'!$A:$A, $C66), W$1, "") | X66: =IF(COUNTIF(LETV!$A:$A, $C66), X$1, "") | Y66: =IF(COUNTIF('Film&Firm-A'!$A:$A, $C66), Y$1, "") | Z66: =IF(COUNTIF('Film&Firm-B'!$A:$A, $C66), Z$1, "") | AA66: =IF(COUNTIF(SHRM!$A:$A, $C66), AA$1, "") | AB66: =IF(COUNTIF('SCM-A'!$A:$A, $C66), AB$1, "") -> Strategic Career Management (A) | AC66: =IF(COUNTIF('SCM-B'!$A:$A, $C66), AC$1, "") | AD66: =IF(COUNTIF(AIS!$A:$A, $C66), AD$1, "") -> AI AND STRATEGY | AE66: =IF(COUNTIF(EB!$A:$A, $C66), AE$1, "") | AF66: =IF(COUNTIF('AIAM-A'!$A:$A, $C66), AF$1, "") | AG66: =IF(COUNTIF('AIAM-B'!$A:$A, $C66), AG$1, "") | AH66: =IF(COUNTIF('SA-A'!$A:$A, $C66), AH$1, "") | AI66: =IF(COUNTIF('SA-B'!$A:$A, $C66), AI$1, "") | AJ66: =IF(COUNTIF(CSM!$A:$A, $C66), AJ$1, "") | AK66: =IF(COUNTIF(EM!$A:$A, $C66), AK$1, "") | AL66: =IF(COUNTIF(I4TS!$A:$A, $C66), AL$1, "")
A67: 66 | B67: A | C67: M105-23 | D67: Suchismita Saha | E67: suchismita.saha23@iimranchi.ac.in | F67: =COUNTA(G67:K67) -> 5 | G67: =IFERROR(__xludf.DUMMYFUNCTION("INDEX(FILTER($P67:$AL67, $P67:$AL67 <> """"), 1)"),"Strategic Career Management (B)") -> Strategic Career Management (B) | H67: =IFERROR(__xludf.DUMMYFUNCTION("INDEX(FILTER($P67:$AL67, $P67:$AL67 <> """"), 2)"),"Customer Success Management") -> Customer Success Management | I67: =IFERROR(__xludf.DUMMYFUNCTION("INDEX(FILTER($P67:$AL67, $P67:$AL67 <> """"), 3)"),"Entrepreneurial Marketing") -> Entrepreneurial Marketing | J67: =IFERROR(__xludf.DUMMYFUNCTION("IFERROR(INDEX(FILTER($P67:$AL67, $P67:$AL67 <> """"), 4),)"),"") | K67: =IFERROR(__xludf.DUMMYFUNCTION("IFERROR(INDEX(FILTER($P67:$AL67, $P67:$AL67 <> """"), 5),)"),"") | P67: =IF(COUNTIF('Fintech-A'!$A:$A, $C67), P$1, "") | Q67: =IF(COUNTIF('Fintech-B'!$A:$A, $C67), Q$1, "") | R67: =IF(COUNTIF('BEDM-A'!$A:$A, $C67), R$1, "") | S67: =IF(COUNTIF('BEDM-B'!$A:$A, $C67), S$1, "") | T67: =IF(COUNTIF('Art-A'!$A:$A, $C67), T$1, "") | U67: =IF(COUNTIF('Art-B'!$A:$A, $C67), U$1, "") | V67: =IF(COUNTIF('WH-A'!$A:$A, $C67), V$1, "") | W67: =IF(COUNTIF('WH-B'!$A:$A, $C67), W$1, "") | X67: =IF(COUNTIF(LETV!$A:$A, $C67), X$1, "") | Y67: =IF(COUNTIF('Film&Firm-A'!$A:$A, $C67), Y$1, "") | Z67: =IF(COUNTIF('Film&Firm-B'!$A:$A, $C67), Z$1, "") | AA67: =IF(COUNTIF(SHRM!$A:$A, $C67), AA$1, "") | AB67: =IF(COUNTIF('SCM-A'!$A:$A, $C67), AB$1, "") | AC67: =IF(COUNTIF('SCM-B'!$A:$A, $C67), AC$1, "") -> Strategic Career Management (B) | AD67: =IF(COUNTIF(AIS!$A:$A, $C67), AD$1, "") | AE67: =IF(COUNTIF(EB!$A:$A, $C67), AE$1, "") | AF67: =IF(COUNTIF('AIAM-A'!$A:$A, $C67), AF$1, "") | AG67: =IF(COUNTIF('AIAM-B'!$A:$A, $C67), AG$1, "") | AH67: =IF(COUNTIF('SA-A'!$A:$A, $C67), AH$1, "") | AI67: =IF(COUNTIF('SA-B'!$A:$A, $C67), AI$1, "") | AJ67: =IF(COUNTIF(CSM!$A:$A, $C67), AJ$1, "") -> Customer Success Management | AK67: =IF(COUNTIF(EM!$A:$A, $C67), AK$1, "") -> Entrepreneurial Marketing | AL67: =IF(COUNTIF(I4TS!$A:$A, $C67), AL$1, "")
A68: 67 | B68: B | C68: M056-24 | D68: Aashay Jain | E68: aashay.jain24m@iimranchi.ac.in | F68: =COUNTA(G68:K68) -> 5 | G68: =IFERROR(__xludf.DUMMYFUNCTION("INDEX(FILTER($P68:$AL68, $P68:$AL68 <> """"), 1)"),"Fintech (Digital Transformation in Finance) (B)") -> Fintech (Digital Transformation in Finance) (B) | H68: =IFERROR(__xludf.DUMMYFUNCTION("INDEX(FILTER($P68:$AL68, $P68:$AL68 <> """"), 2)"),"Film & the Firm: Visual Culture in Business Contexts (A)") -> Film & the Firm: Visual Culture in Business Contexts (A) | I68: =IFERROR(__xludf.DUMMYFUNCTION("INDEX(FILTER($P68:$AL68, $P68:$AL68 <> """"), 3)"),"AI AND STRATEGY") -> AI AND STRATEGY | J68: =IFERROR(__xludf.DUMMYFUNCTION("IFERROR(INDEX(FILTER($P68:$AL68, $P68:$AL68 <> """"), 4),)"),"") | K68: =IFERROR(__xludf.DUMMYFUNCTION("IFERROR(INDEX(FILTER($P68:$AL68, $P68:$AL68 <> """"), 5),)"),"") | P68: =IF(COUNTIF('Fintech-A'!$A:$A, $C68), P$1, "") | Q68: =IF(COUNTIF('Fintech-B'!$A:$A, $C68), Q$1, "") -> Fintech (Digital Transformation in Finance) (B) | R68: =IF(COUNTIF('BEDM-A'!$A:$A, $C68), R$1, "") | S68: =IF(COUNTIF('BEDM-B'!$A:$A, $C68), S$1, "") | T68: =IF(COUNTIF('Art-A'!$A:$A, $C68), T$1, "") | U68: =IF(COUNTIF('Art-B'!$A:$A, $C68), U$1, "") | V68: =IF(COUNTIF('WH-A'!$A:$A, $C68), V$1, "") | W68: =IF(COUNTIF('WH-B'!$A:$A, $C68), W$1, "") | X68: =IF(COUNTIF(LETV!$A:$A, $C68), X$1, "") | Y68: =IF(COUNTIF('Film&Firm-A'!$A:$A, $C68), Y$1, "") -> Film & the Firm: Visual Culture in Business Contexts (A) | Z68: =IF(COUNTIF('Film&Firm-B'!$A:$A, $C68), Z$1, "") | AA68: =IF(COUNTIF(SHRM!$A:$A, $C68), AA$1, "") | AB68: =IF(COUNTIF('SCM-A'!$A:$A, $C68), AB$1, "") | AC68: =IF(COUNTIF('SCM-B'!$A:$A, $C68), AC$1, "") | AD68: =IF(COUNTIF(AIS!$A:$A, $C68), AD$1, "") -> AI AND STRATEGY | AE68: =IF(COUNTIF(EB!$A:$A, $C68), AE$1, "") | AF68: =IF(COUNTIF('AIAM-A'!$A:$A, $C68), AF$1, "") | AG68: =IF(COUNTIF('AIAM-B'!$A:$A, $C68), AG$1, "") | AH68: =IF(COUNTIF('SA-A'!$A:$A, $C68), AH$1, "") | AI68: =IF(COUNTIF('SA-B'!$A:$A, $C68), AI$1, "") | AJ68: =IF(COUNTIF(CSM!$A:$A, $C68), AJ$1, "") | AK68: =IF(COUNTIF(EM!$A:$A, $C68), AK$1, "") | AL68: =IF(COUNTIF(I4TS!$A:$A, $C68), AL$1, "")
A69: 68 | B69: B | C69: M057-24 | D69: Abhinav Samavedam | E69: abhinav.samavedam24m@iimranchi.ac.in | F69: =COUNTA(G69:K69) -> 5 | G69: =IFERROR(__xludf.DUMMYFUNCTION("INDEX(FILTER($P69:$AL69, $P69:$AL69 <> """"), 1)"),"Workplace Happiness: Science & Practice (B)") -> Workplace Happiness: Science & Practice (B) | H69: =IFERROR(__xludf.DUMMYFUNCTION("INDEX(FILTER($P69:$AL69, $P69:$AL69 <> """"), 2)"),"Strategic Career Management (B)") -> Strategic Career Management (B) | I69: =IFERROR(__xludf.DUMMYFUNCTION("INDEX(FILTER($P69:$AL69, $P69:$AL69 <> """"), 3)"),"AI Applications in Marketing (A)") -> AI Applications in Marketing (A) | J69: =IFERROR(__xludf.DUMMYFUNCTION("IFERROR(INDEX(FILTER($P69:$AL69, $P69:$AL69 <> """"), 4),)"),"") | K69: =IFERROR(__xludf.DUMMYFUNCTION("IFERROR(INDEX(FILTER($P69:$AL69, $P69:$AL69 <> """"), 5),)"),"") | P69: =IF(COUNTIF('Fintech-A'!$A:$A, $C69), P$1, "") | Q69: =IF(COUNTIF('Fintech-B'!$A:$A, $C69), Q$1, "") | R69: =IF(COUNTIF('BEDM-A'!$A:$A, $C69), R$1, "") | S69: =IF(COUNTIF('BEDM-B'!$A:$A, $C69), S$1, "") | T69: =IF(COUNTIF('Art-A'!$A:$A, $C69), T$1, "") | U69: =IF(COUNTIF('Art-B'!$A:$A, $C69), U$1, "") | V69: =IF(COUNTIF('WH-A'!$A:$A, $C69), V$1, "") | W69: =IF(COUNTIF('WH-B'!$A:$A, $C69), W$1, "") -> Workplace Happiness: Science & Practice (B) | X69: =IF(COUNTIF(LETV!$A:$A, $C69), X$1, "") | Y69: =IF(COUNTIF('Film&Firm-A'!$A:$A, $C69), Y$1, "") | Z69: =IF(COUNTIF('Film&Firm-B'!$A:$A, $C69), Z$1, "") | AA69: =IF(COUNTIF(SHRM!$A:$A, $C69), AA$1, "") | AB69: =IF(COUNTIF('SCM-A'!$A:$A, $C69), AB$1, "") | AC69: =IF(COUNTIF('SCM-B'!$A:$A, $C69), AC$1, "") -> Strategic Career Management (B) | AD69: =IF(COUNTIF(AIS!$A:$A, $C69), AD$1, "") | AE69: =IF(COUNTIF(EB!$A:$A, $C69), AE$1, "") | AF69: =IF(COUNTIF('AIAM-A'!$A:$A, $C69), AF$1, "") -> AI Applications in Marketing (A) | AG69: =IF(COUNTIF('AIAM-B'!$A:$A, $C69), AG$1, "") | AH69: =IF(COUNTIF('SA-A'!$A:$A, $C69), AH$1, "") | AI69: =IF(COUNTIF('SA-B'!$A:$A, $C69), AI$1, "") | AJ69: =IF(COUNTIF(CSM!$A:$A, $C69), AJ$1, "") | AK69: =IF(COUNTIF(EM!$A:$A, $C69), AK$1, "") | AL69: =IF(COUNTIF(I4TS!$A:$A, $C69), AL$1, "")
A70: 69 | B70: B | C70: M058-24 | D70: Abhinav Yadav | E70: abhinav.yadav24m@iimranchi.ac.in | F70: =COUNTA(G70:K70) -> 5 | G70: =IFERROR(__xludf.DUMMYFUNCTION("INDEX(FILTER($P70:$AL70, $P70:$AL70 <> """"), 1)"),"Fintech (Digital Transformation in Finance) (B)") -> Fintech (Digital Transformation in Finance) (B) | H70: =IFERROR(__xludf.DUMMYFUNCTION("INDEX(FILTER($P70:$AL70, $P70:$AL70 <> """"), 2)"),"Workplace Happiness: Science & Practice (A)") -> Workplace Happiness: Science & Practice (A) | I70: =IFERROR(__xludf.DUMMYFUNCTION("INDEX(FILTER($P70:$AL70, $P70:$AL70 <> """"), 3)"),"Leadership Excellence Through Values : Wisdom from the Mahabharata") -> Leadership Excellence Through Values : Wisdom from the Mahabharata | J70: =IFERROR(__xludf.DUMMYFUNCTION("IFERROR(INDEX(FILTER($P70:$AL70, $P70:$AL70 <> """"), 4),)"),"") | K70: =IFERROR(__xludf.DUMMYFUNCTION("IFERROR(INDEX(FILTER($P70:$AL70, $P70:$AL70 <> """"), 5),)"),"") | P70: =IF(COUNTIF('Fintech-A'!$A:$A, $C70), P$1, "") | Q70: =IF(COUNTIF('Fintech-B'!$A:$A, $C70), Q$1, "") -> Fintech (Digital Transformation in Finance) (B) | R70: =IF(COUNTIF('BEDM-A'!$A:$A, $C70), R$1, "") | S70: =IF(COUNTIF('BEDM-B'!$A:$A, $C70), S$1, "") | T70: =IF(COUNTIF('Art-A'!$A:$A, $C70), T$1, "") | U70: =IF(COUNTIF('Art-B'!$A:$A, $C70), U$1, "") | V70: =IF(COUNTIF('WH-A'!$A:$A, $C70), V$1, "") -> Workplace Happiness: Science & Practice (A) | W70: =IF(COUNTIF('WH-B'!$A:$A, $C70), W$1, "") | X70: =IF(COUNTIF(LETV!$A:$A, $C70), X$1, "") -> Leadership Excellence Through Values : Wisdom from the Mahabharata | Y70: =IF(COUNTIF('Film&Firm-A'!$A:$A, $C70), Y$1, "") | Z70: =IF(COUNTIF('Film&Firm-B'!$A:$A, $C70), Z$1, "") | AA70: =IF(COUNTIF(SHRM!$A:$A, $C70), AA$1, "") | AB70: =IF(COUNTIF('SCM-A'!$A:$A, $C70), AB$1, "") | AC70: =IF(COUNTIF('SCM-B'!$A:$A, $C70), AC$1, "") | AD70: =IF(COUNTIF(AIS!$A:$A, $C70), AD$1, "") | AE70: =IF(COUNTIF(EB!$A:$A, $C70), AE$1, "") | AF70: =IF(COUNTIF('AIAM-A'!$A:$A, $C70), AF$1, "") | AG70: =IF(COUNTIF('AIAM-B'!$A:$A, $C70), AG$1, "") | AH70: =IF(COUNTIF('SA-A'!$A:$A, $C70), AH$1, "") | AI70: =IF(COUNTIF('SA-B'!$A:$A, $C70), AI$1, "") | AJ70: =IF(COUNTIF(CSM!$A:$A, $C70), AJ$1, "") | AK70: =IF(COUNTIF(EM!$A:$A, $C70), AK$1, "") | AL70: =IF(COUNTIF(I4TS!$A:$A, $C70), AL$1, "")
A71: 70 | B71: B | C71: M060-24 | D71: Anandita | E71: anandita.24m@iimranchi.ac.in | F71: =COUNTA(G71:K71) -> 5 | G71: =IFERROR(__xludf.DUMMYFUNCTION("INDEX(FILTER($P71:$AL71, $P71:$AL71 <> """"), 1)"),"The Art, Craft, and Science of Management: Learning through Classics and Best Collections (B)") -> The Art, Craft, and Science of Management: Learning through Classics and Best Collections (B) | H71: =IFERROR(__xludf.DUMMYFUNCTION("INDEX(FILTER($P71:$AL71, $P71:$AL71 <> """"), 2)"),"Workplace Happiness: Science & Practice (B)") -> Workplace Happiness: Science & Practice (B) | I71: =IFERROR(__xludf.DUMMYFUNCTION("INDEX(FILTER($P71:$AL71, $P71:$AL71 <> """"), 3)"),"AI AND STRATEGY") -> AI AND STRATEGY | J71: =IFERROR(__xludf.DUMMYFUNCTION("IFERROR(INDEX(FILTER($P71:$AL71, $P71:$AL71 <> """"), 4),)"),"") | K71: =IFERROR(__xludf.DUMMYFUNCTION("IFERROR(INDEX(FILTER($P71:$AL71, $P71:$AL71 <> """"), 5),)"),"") | P71: =IF(COUNTIF('Fintech-A'!$A:$A, $C71), P$1, "") | Q71: =IF(COUNTIF('Fintech-B'!$A:$A, $C71), Q$1, "") | R71: =IF(COUNTIF('BEDM-A'!$A:$A, $C71), R$1, "") | S71: =IF(COUNTIF('BEDM-B'!$A:$A, $C71), S$1, "") | T71: =IF(COUNTIF('Art-A'!$A:$A, $C71), T$1, "") | U71: =IF(COUNTIF('Art-B'!$A:$A, $C71), U$1, "") -> The Art, Craft, and Science of Management: Learning through Classics and Best Collections (B) | V71: =IF(COUNTIF('WH-A'!$A:$A, $C71), V$1, "") | W71: =IF(COUNTIF('WH-B'!$A:$A, $C71), W$1, "") -> Workplace Happiness: Science & Practice (B) | X71: =IF(COUNTIF(LETV!$A:$A, $C71), X$1, "") | Y71: =IF(COUNTIF('Film&Firm-A'!$A:$A, $C71), Y$1, "") | Z71: =IF(COUNTIF('Film&Firm-B'!$A:$A, $C71), Z$1, "") | AA71: =IF(COUNTIF(SHRM!$A:$A, $C71), AA$1, "") | AB71: =IF(COUNTIF('SCM-A'!$A:$A, $C71), AB$1, "") | AC71: =IF(COUNTIF('SCM-B'!$A:$A, $C71), AC$1, "") | AD71: =IF(COUNTIF(AIS!$A:$A, $C71), AD$1, "") -> AI AND STRATEGY | AE71: =IF(COUNTIF(EB!$A:$A, $C71), AE$1, "") | AF71: =IF(COUNTIF('AIAM-A'!$A:$A, $C71), AF$1, "") | AG71: =IF(COUNTIF('AIAM-B'!$A:$A, $C71), AG$1, "") | AH71: =IF(COUNTIF('SA-A'!$A:$A, $C71), AH$1, "") | AI71: =IF(COUNTIF('SA-B'!$A:$A, $C71), AI$1, "") | AJ71: =IF(COUNTIF(CSM!$A:$A, $C71), AJ$1, "") | AK71: =IF(COUNTIF(EM!$A:$A, $C71), AK$1, "") | AL71: =IF(COUNTIF(I4TS!$A:$A, $C71), AL$1, "")
A72: 71 | B72: B | C72: M063-24 | D72: Aparna Premanand | E72: aparna.premanand24m@iimranchi.ac.in | F72: =COUNTA(G72:K72) -> 5 | G72: =IFERROR(__xludf.DUMMYFUNCTION("INDEX(FILTER($P72:$AL72, $P72:$AL72 <> """"), 1)"),"Workplace Happiness: Science & Practice (B)") -> Workplace Happiness: Science & Practice (B) | H72: =IFERROR(__xludf.DUMMYFUNCTION("INDEX(FILTER($P72:$AL72, $P72:$AL72 <> """"), 2)"),"Strategic Career Management (B)") -> Strategic Career Management (B) | I72: =IFERROR(__xludf.DUMMYFUNCTION("INDEX(FILTER($P72:$AL72, $P72:$AL72 <> """"), 3)"),"AI AND STRATEGY") -> AI AND STRATEGY | J72: =IFERROR(__xludf.DUMMYFUNCTION("IFERROR(INDEX(FILTER($P72:$AL72, $P72:$AL72 <> """"), 4),)"),"") | K72: =IFERROR(__xludf.DUMMYFUNCTION("IFERROR(INDEX(FILTER($P72:$AL72, $P72:$AL72 <> """"), 5),)"),"") | P72: =IF(COUNTIF('Fintech-A'!$A:$A, $C72), P$1, "") | Q72: =IF(COUNTIF('Fintech-B'!$A:$A, $C72), Q$1, "") | R72: =IF(COUNTIF('BEDM-A'!$A:$A, $C72), R$1, "") | S72: =IF(COUNTIF('BEDM-B'!$A:$A, $C72), S$1, "") | T72: =IF(COUNTIF('Art-A'!$A:$A, $C72), T$1, "") | U72: =IF(COUNTIF('Art-B'!$A:$A, $C72), U$1, "") | V72: =IF(COUNTIF('WH-A'!$A:$A, $C72), V$1, "") | W72: =IF(COUNTIF('WH-B'!$A:$A, $C72), W$1, "") -> Workplace Happiness: Science & Practice (B) | X72: =IF(COUNTIF(LETV!$A:$A, $C72), X$1, "") | Y72: =IF(COUNTIF('Film&Firm-A'!$A:$A, $C72), Y$1, "") | Z72: =IF(COUNTIF('Film&Firm-B'!$A:$A, $C72), Z$1, "") | AA72: =IF(COUNTIF(SHRM!$A:$A, $C72), AA$1, "") | AB72: =IF(COUNTIF('SCM-A'!$A:$A, $C72), AB$1, "") | AC72: =IF(COUNTIF('SCM-B'!$A:$A, $C72), AC$1, "") -> Strategic Career Management (B) | AD72: =IF(COUNTIF(AIS!$A:$A, $C72), AD$1, "") -> AI AND STRATEGY | AE72: =IF(COUNTIF(EB!$A:$A, $C72), AE$1, "") | AF72: =IF(COUNTIF('AIAM-A'!$A:$A, $C72), AF$1, "") | AG72: =IF(COUNTIF('AIAM-B'!$A:$A, $C72), AG$1, "") | AH72: =IF(COUNTIF('SA-A'!$A:$A, $C72), AH$1, "") | AI72: =IF(COUNTIF('SA-B'!$A:$A, $C72), AI$1, "") | AJ72: =IF(COUNTIF(CSM!$A:$A, $C72), AJ$1, "") | AK72: =IF(COUNTIF(EM!$A:$A, $C72), AK$1, "") | AL72: =IF(COUNTIF(I4TS!$A:$A, $C72), AL$1, "")
A73: 72 | B73: B | C73: M064-24 | D73: Athish C K | E73: athish.ck24m@iimranchi.ac.in | F73: =COUNTA(G73:K73) -> 5 | G73: =IFERROR(__xludf.DUMMYFUNCTION("INDEX(FILTER($P73:$AL73, $P73:$AL73 <> """"), 1)"),"Fintech (Digital Transformation in Finance) (A)") -> Fintech (Digital Transformation in Finance) (A) | H73: =IFERROR(__xludf.DUMMYFUNCTION("INDEX(FILTER($P73:$AL73, $P73:$AL73 <> """"), 2)"),"Film & the Firm: Visual Culture in Business Contexts (A)") -> Film & the Firm: Visual Culture in Business Contexts (A) | I73: =IFERROR(__xludf.DUMMYFUNCTION("INDEX(FILTER($P73:$AL73, $P73:$AL73 <> """"), 3)"),"AI AND STRATEGY") -> AI AND STRATEGY | J73: =IFERROR(__xludf.DUMMYFUNCTION("IFERROR(INDEX(FILTER($P73:$AL73, $P73:$AL73 <> """"), 4),)"),"Customer Success Management") -> Customer Success Management | K73: =IFERROR(__xludf.DUMMYFUNCTION("IFERROR(INDEX(FILTER($P73:$AL73, $P73:$AL73 <> """"), 5),)"),"Industry 4.0 in Transport Sector") -> Industry 4.0 in Transport Sector | P73: =IF(COUNTIF('Fintech-A'!$A:$A, $C73), P$1, "") -> Fintech (Digital Transformation in Finance) (A) | Q73: =IF(COUNTIF('Fintech-B'!$A:$A, $C73), Q$1, "") | R73: =IF(COUNTIF('BEDM-A'!$A:$A, $C73), R$1, "") | S73: =IF(COUNTIF('BEDM-B'!$A:$A, $C73), S$1, "") | T73: =IF(COUNTIF('Art-A'!$A:$A, $C73), T$1, "") | U73: =IF(COUNTIF('Art-B'!$A:$A, $C73), U$1, "") | V73: =IF(COUNTIF('WH-A'!$A:$A, $C73), V$1, "") | W73: =IF(COUNTIF('WH-B'!$A:$A, $C73), W$1, "") | X73: =IF(COUNTIF(LETV!$A:$A, $C73), X$1, "") | Y73: =IF(COUNTIF('Film&Firm-A'!$A:$A, $C73), Y$1, "") -> Film & the Firm: Visual Culture in Business Contexts (A) | Z73: =IF(COUNTIF('Film&Firm-B'!$A:$A, $C73), Z$1, "") | AA73: =IF(COUNTIF(SHRM!$A:$A, $C73), AA$1, "") | AB73: =IF(COUNTIF('SCM-A'!$A:$A, $C73), AB$1, "") | AC73: =IF(COUNTIF('SCM-B'!$A:$A, $C73), AC$1, "") | AD73: =IF(COUNTIF(AIS!$A:$A, $C73), AD$1, "") -> AI AND STRATEGY | AE73: =IF(COUNTIF(EB!$A:$A, $C73), AE$1, "") | AF73: =IF(COUNTIF('AIAM-A'!$A:$A, $C73), AF$1, "") | AG73: =IF(COUNTIF('AIAM-B'!$A:$A, $C73), AG$1, "") | AH73: =IF(COUNTIF('SA-A'!$A:$A, $C73), AH$1, "") | AI73: =IF(COUNTIF('SA-B'!$A:$A, $C73), AI$1, "") | AJ73: =IF(COUNTIF(CSM!$A:$A, $C73), AJ$1, "") -> Customer Success Management | AK73: =IF(COUNTIF(EM!$A:$A, $C73), AK$1, "") | AL73: =IF(COUNTIF(I4TS!$A:$A, $C73), AL$1, "") -> Industry 4.0 in Transport Sector
A74: 73 | B74: B | C74: M065-24 | D74: Bavisi Joy Gaurang | E74: bavisi.joygaurang24m@iimranchi.ac.in | F74: =COUNTA(G74:K74) -> 5 | G74: =IFERROR(__xludf.DUMMYFUNCTION("INDEX(FILTER($P74:$AL74, $P74:$AL74 <> """"), 1)"),"Fintech (Digital Transformation in Finance) (B)") -> Fintech (Digital Transformation in Finance) (B) | H74: =IFERROR(__xludf.DUMMYFUNCTION("INDEX(FILTER($P74:$AL74, $P74:$AL74 <> """"), 2)"),"Behavioural Economics and Decision-Making (A)") -> Behavioural Economics and Decision-Making (A) | I74: =IFERROR(__xludf.DUMMYFUNCTION("INDEX(FILTER($P74:$AL74, $P74:$AL74 <> """"), 3)"),"AI Applications in Marketing (B)") -> AI Applications in Marketing (B) | J74: =IFERROR(__xludf.DUMMYFUNCTION("IFERROR(INDEX(FILTER($P74:$AL74, $P74:$AL74 <> """"), 4),)"),"SPORTS ANALYTICS (B)") -> SPORTS ANALYTICS (B) | K74: =IFERROR(__xludf.DUMMYFUNCTION("IFERROR(INDEX(FILTER($P74:$AL74, $P74:$AL74 <> """"), 5),)"),"Entrepreneurial Marketing") -> Entrepreneurial Marketing | P74: =IF(COUNTIF('Fintech-A'!$A:$A, $C74), P$1, "") | Q74: =IF(COUNTIF('Fintech-B'!$A:$A, $C74), Q$1, "") -> Fintech (Digital Transformation in Finance) (B) | R74: =IF(COUNTIF('BEDM-A'!$A:$A, $C74), R$1, "") -> Behavioural Economics and Decision-Making (A) | S74: =IF(COUNTIF('BEDM-B'!$A:$A, $C74), S$1, "") | T74: =IF(COUNTIF('Art-A'!$A:$A, $C74), T$1, "") | U74: =IF(COUNTIF('Art-B'!$A:$A, $C74), U$1, "") | V74: =IF(COUNTIF('WH-A'!$A:$A, $C74), V$1, "") | W74: =IF(COUNTIF('WH-B'!$A:$A, $C74), W$1, "") | X74: =IF(COUNTIF(LETV!$A:$A, $C74), X$1, "") | Y74: =IF(COUNTIF('Film&Firm-A'!$A:$A, $C74), Y$1, "") | Z74: =IF(COUNTIF('Film&Firm-B'!$A:$A, $C74), Z$1, "") | AA74: =IF(COUNTIF(SHRM!$A:$A, $C74), AA$1, "") | AB74: =IF(COUNTIF('SCM-A'!$A:$A, $C74), AB$1, "") | AC74: =IF(COUNTIF('SCM-B'!$A:$A, $C74), AC$1, "") | AD74: =IF(COUNTIF(AIS!$A:$A, $C74), AD$1, "") | AE74: =IF(COUNTIF(EB!$A:$A, $C74), AE$1, "") | AF74: =IF(COUNTIF('AIAM-A'!$A:$A, $C74), AF$1, "") | AG74: =IF(COUNTIF('AIAM-B'!$A:$A, $C74), AG$1, "") -> AI Applications in Marketing (B) | AH74: =IF(COUNTIF('SA-A'!$A:$A, $C74), AH$1, "") | AI74: =IF(COUNTIF('SA-B'!$A:$A, $C74), AI$1, "") -> SPORTS ANALYTICS (B) | AJ74: =IF(COUNTIF(CSM!$A:$A, $C74), AJ$1, "") | AK74: =IF(COUNTIF(EM!$A:$A, $C74), AK$1, "") -> Entrepreneurial Marketing | AL74: =IF(COUNTIF(I4TS!$A:$A, $C74), AL$1, "")
A75: 74 | B75: B | C75: M066-24 | D75: Bhosale Aditya Ashok | E75: bhosale.adityaashok24m@iimranchi.ac.in | F75: =COUNTA(G75:K75) -> 5 | G75: =IFERROR(__xludf.DUMMYFUNCTION("INDEX(FILTER($P75:$AL75, $P75:$AL75 <> """"), 1)"),"Workplace Happiness: Science & Practice (B)") -> Workplace Happiness: Science & Practice (B) | H75: =IFERROR(__xludf.DUMMYFUNCTION("INDEX(FILTER($P75:$AL75, $P75:$AL75 <> """"), 2)"),"Leadership Excellence Through Values : Wisdom from the Mahabharata") -> Leadership Excellence Through Values : Wisdom from the Mahabharata | I75: =IFERROR(__xludf.DUMMYFUNCTION("INDEX(FILTER($P75:$AL75, $P75:$AL75 <> """"), 3)"),"AI AND STRATEGY") -> AI AND STRATEGY | J75: =IFERROR(__xludf.DUMMYFUNCTION("IFERROR(INDEX(FILTER($P75:$AL75, $P75:$AL75 <> """"), 4),)"),"") | K75: =IFERROR(__xludf.DUMMYFUNCTION("IFERROR(INDEX(FILTER($P75:$AL75, $P75:$AL75 <> """"), 5),)"),"") | P75: =IF(COUNTIF('Fintech-A'!$A:$A, $C75), P$1, "") | Q75: =IF(COUNTIF('Fintech-B'!$A:$A, $C75), Q$1, "") | R75: =IF(COUNTIF('BEDM-A'!$A:$A, $C75), R$1, "") | S75: =IF(COUNTIF('BEDM-B'!$A:$A, $C75), S$1, "") | T75: =IF(COUNTIF('Art-A'!$A:$A, $C75), T$1, "") | U75: =IF(COUNTIF('Art-B'!$A:$A, $C75), U$1, "") | V75: =IF(COUNTIF('WH-A'!$A:$A, $C75), V$1, "") | W75: =IF(COUNTIF('WH-B'!$A:$A, $C75), W$1, "") -> Workplace Happiness: Science & Practice (B) | X75: =IF(COUNTIF(LETV!$A:$A, $C75), X$1, "") -> Leadership Excellence Through Values : Wisdom from the Mahabharata | Y75: =IF(COUNTIF('Film&Firm-A'!$A:$A, $C75), Y$1, "") | Z75: =IF(COUNTIF('Film&Firm-B'!$A:$A, $C75), Z$1, "") | AA75: =IF(COUNTIF(SHRM!$A:$A, $C75), AA$1, "") | AB75: =IF(COUNTIF('SCM-A'!$A:$A, $C75), AB$1, "") | AC75: =IF(COUNTIF('SCM-B'!$A:$A, $C75), AC$1, "") | AD75: =IF(COUNTIF(AIS!$A:$A, $C75), AD$1, "") -> AI AND STRATEGY | AE75: =IF(COUNTIF(EB!$A:$A, $C75), AE$1, "") | AF75: =IF(COUNTIF('AIAM-A'!$A:$A, $C75), AF$1, "") | AG75: =IF(COUNTIF('AIAM-B'!$A:$A, $C75), AG$1, "") | AH75: =IF(COUNTIF('SA-A'!$A:$A, $C75), AH$1, "") | AI75: =IF(COUNTIF('SA-B'!$A:$A, $C75), AI$1, "") | AJ75: =IF(COUNTIF(CSM!$A:$A, $C75), AJ$1, "") | AK75: =IF(COUNTIF(EM!$A:$A, $C75), AK$1, "") | AL75: =IF(COUNTIF(I4TS!$A:$A, $C75), AL$1, "")
